"%s Item(s)","%s article(s)"
"&copy; 2008 Magento Demo Store. All Rights Reserved.","&copy; 2008 Boutique de démo Magento. Tous droits réservés."
"(ver. %s)","(ver. %s)"
"Click <a href=""%s"">here</a> if nothing has happened","Cliquez <a href=""%s"">ici</a> si rien ne se passe"
"Close Window","Fermer la fenêtre"
"Default Description","Description par défaut"
"Default welcome msg!","Message d'accueil par défaut"
"Help Us to Keep Magento Healthy","Aidez-nous à améliorer Magento"
"Interface Language","Langage de l'interface"
"Items %s to %s of %s total","Articles <strong>%s</strong> à <strong>%s</strong> sur un total de <strong>%s</strong>"
"Next Page","Page suivante"
"Page:","Page :"
"Submit","Envoyer"
"phone","Téléphone"
"Le portail Hotels Grand Paris vous propose une s&eacute;lection d&acute;h&ocirc,tels ind&eacute,pendants authentiques, insolites et intimes &agrave, Paris.  Pour compl&eacute,ter cette exp&eacute,rience parisienne, nous vous proposons une s&eacute,lection d&acute,adresses ind&eacute,pendantes et non standardis&eacute,es en lien avec le voyage.
Si vous partagez nos valeurs et souhaitez nous soumettre votre site pour figurer sur cette page, sachez que nous proc&eacute,dons &agrave, des &eacute,changes de liens avec des sites.","Le portail Hotels Grand Paris vous propose une sélection d’hôtels indépendants authentiques, insolites et intimes à Paris.  Pour compléter cette expérience parisienne, nous vous proposons une sélection d’adresses indépendantes et non standardisées en lien avec le voyage.
Si vous partagez nos valeurs et souhaitez nous soumettre votre site pour figurer sur cette page, sachez que nous procédons à des échanges de liens avec des sites.
N’hésitez pas à nous contacter via le formulaire de contact ci-contre !"
"Nos adherents","Nos adhérents"
"Les adresses authentiques, insolites et intimes Hotels Grand Paris","Les adresses authentiques, insolites et intimes d’Hotels Grand Paris"
"Links Exchange","Liens Partenaires"
"page of your site where the link will appear","Page de votre site où notre lien apparaîtra"
"your mail address","E-mail"
"exemple of links to cpy and paste in your site","Exemple de lien à copier-coller dans votre page"
"200 char min","(limit: 200)"
"URL of your site","URL de votre site"
"Name site","Nom du site"
"Previous Page","Page précédente"
"Redirecting...","En cours de redirection..."
"Report All Bugs","Signaler un dysfonctionnement"
"Select Store","Choisir un magasin"
"Show","Afficher"
"Skip to Footer","Aller au pied de page"
"Skip to Left Column","Aller à la colonne de gauche"
"Skip to Main Content","Aller au contenu principal"
"Skip to Right Column","Aller à la colonne de droite"
"This is a demo store. Any orders placed through this store will not be honored or fulfilled.","Ceci est une boutique de démonstration. Aucune commande passée sur cette boutique ne sera honorée."
"Welcome, %s!","Bienvenue, %s !"
"You're currently on:","Vous êtes actuellement sur :"
"Your Language","Langue"
"Your Language:","Votre langue :"
"per page","par page"
"Home", "Accueil"
"Hotel", "Hôtels"
"Paris Inn Group", "Paris Inn Group,Investissement et gestion d'actifs hôteliers"
"About us", "Qui sommes-nous ?"
"Partenaireship", "Partenariat"
"Contacts", "Contact"
Pour toute question ou suggestion relative à Hotels Grand Paris, vous pouvez également nous contacter en choisissant le champ vide dans la liste déroulante. Nous vous répondrons dans les meilleurs délais."
"Search on the map", "Trouvez un hôtel à Paris sur la carte"
"Hotels Grand Paris", "Hôtels Grand Paris"
"Independants Hoteliers", "Hoteliers indépendants"
"Subscribe", "S'inscrire"
"Your e-mail", "Votre e-mail"
"To be informed of our last news", "Pour connaître nos dernières actualités, nouveautés et promotions, abonnez-vous !"
"Newsletter", "Lettre d'information"
"Back to home", "Retour à l'accueil"
"For any request or suggestion relating to HotelsGrandParis, please contact us by completing the form below. We try to answer you as soon as possible.", "Pour toute demande ou suggestion relatives à HotelsGrandParis, n’hésitez pas à nous contacter en complétant la fiche ci-dessous.
Nous nous efforcerons de vous apporter une réponse dans les meilleurs délais."
"If your application is for a reservation, we thank you indicate your reservation number", "Si votre demande concerne une réservation, nous vous remercions d’indiquer votre numéro de réservation"
"Browse our selection","Recherchez un hôtel à Paris"
"Fill this area","Merci de saisir votre recherche."
"Search","Rechercher"
"See all hotels in Paris","Voir tous les hôtels à Paris"
"Your search","Votre recherche"
"Book your hotel","Réservation de votre hôtel à Paris"
"Book_list","Voir disponibilit&eacute;s et tarifs"
"Advanced_option","Option avancée - Calendrier chambres et tarifs"
"Book_home","Voir disponibilités et tarifs"
"Book this hotel","Voir disponibilit&eacute,s et tarifs pour cet hôtel"
"Arrival Date","Date d'arrivée"
"Nb. of night(s)","Nb. de nuit(s)"
"Date outside the planning","Date en dehors du planning"
"January","Janvier"
"February","Février"
"March","Mars"
"April","Avril"
"May","Mai"
"June","Juin"
"July","Juillet"
"August","Août"
"September","Septembre"
"October","Octobre"
"November","Novembre"
"December","Decembre"
"See the complete list","Voir la liste complète"
"from","&agrave; partir de"
"From_","&Agrave; partir de"
"Grand Hotel Paris, addresses authentic, unusual and intimate !","<br /><br />Hotels Grand Paris, des adresses authentiques, insolites et intimes !"
"Back to overview","Revenir à la vue générale"
"Select your points of interest","Sélectionner vos points d'intérêt"
"Hotel","Hôtels"
"Do not miss","A ne pas manquer"
"Enter a location","Entrer une localisation"
"Location1","Localisation"
"Best prices guaranteed !","meilleur prix garanti !"
"In brief","En bref"
"Breakfast","Petits déj."
"Features","Prestations"
"Style","Style"
"Ambiance","Ambiance"
"Services","Services"
"Lang. spoken","Langues parlées"
"Nb. rooms","Nb. chambres"
"Manufacture year","Année de construction"
"About the hotel","A propos de l'hôtel"
"References and Press","Guide et presse"
"Special Conditions","Conditions particulières"
"Breakfast (prices from)","Petit-déjeuner (prix à partir de)"
"Check-inn","Check-in"
"Check-out","Check-out"
"Booking conditions","Conditions de réservation"
"Cancellation Policy","Conditions d'annulation"
"Payment cards accepted","Cartes de paiement acceptées"
"See this hotel","Voir cet hôtel"
"Message","Message"
"Canal Saint-Martin, Belleville, La Villette","Canal Saint-Martin, Belleville, La Villette"
"Montmartre, Pigalle, Trinite","Montmartre, Pigalle, Trinité"
"Porte Maillot, Monceau , Wagram, Champerret","Porte Maillot, Monceau , Wagram, Champerret"
"Porte de Versailles, Lecourbe, Andre Citroen","Porte de Versailles, Lecourbe, André Citroën"
"Passy, Auteuil, Bois de Boulogne","Passy, Auteuil, Bois de Boulogne"
"Denfert Rochereau, Alesia, Cite universitaire","Denfert Rochereau, Alésia, Cite universitaire"
"Bercy, Bois de Vincennes, BnF, Place d’Italie","Bercy, Bois de Vincennes, BnF, Place d’Italie"
"Republique, Bastille, Nation","République, Bastille, Nation"
"Marais, Les Halles, Beaubourg","Marais, Les Halles, Beaubourg"
"Opera, Grands Boulevards, Bourse","Opéra, Grands Boulevards, Bourse"
"Louvre, Champs-Elysees, Etoile","Louvre, Champs-Elysées, Etoile"
"Tour Eiffel, Trocadero, Invalides","Tour Eiffel, Trocadéro, Invalides"
"Saint-Germain-des-Pres, Musee d’Orsay, Montparnasse","Saint-Germain-des-Prés, Musée d’Orsay, Montparnasse"
"Notre-Dame, Quartier Latin, ile Saint Louis","Notre-Dame, Quartier Latin, île Saint Louis"
"Hotels quatre etoiles **** et Residences","Hôtels quatre étoiles **** et Boutique-Hôtels"
"Hotel Opéra Diamond","Hôtel BEST WESTERN PREMIER Opéra Diamond"
"BWP8","Hôtel 4* - Paris 8ème"
"paris10","Hôtel 4* - Paris 10ème"
"Hotel Louvre Saint Honore","Hôtel BEST WESTERN PREMIER Louvre Saint Honoré"
"Hotel Louvre Saint Honore2","BEST WESTERN PREMIER Louvre Saint Honoré"
"BWP1","Hôtel 4* - Paris 1er"
"Hotel Opera Marigny","Hôtel Opéra Marigny"
"paris1","Paris 1er"
"Hotel Opal","Hôtel BEST WESTERN PREMIER Opéra Opal"
"Hotel Mathis Elysees","Hôtel Mathis Elysées"
"Odeon Hotel Paris 6th","Odeon Hôtel Paris 6ème"
"exclusive8","Exclusive Hotels 4* - Paris 8ème"
"Hotel des Champs-Elysees","Hôtel des Champs-Elysées"
"paris8","Paris 8ème"
"EL8","Hôtel 4* - Paris 8ème"
"Residence Mac Mahon Champs Elysees","Résidence Champs-Elysées Mac-Mahon"
"paris17","Paris 17ème"
"Appartements Athos, Hotel Aramis","Appartements Athos, Hotel Aramis"
"Appartements Athos","Appartements Athos"
"paris6","Hôtel 3* - Paris 6ème"
"RO8A","Hôtel 3* - Paris 8ème"
"RO8B","Hôtel 3* - Paris 8ème"
"Hotels trois etoiles ***","Hôtels trois étoiles ***"
"Hotels deux etoiles**","Hôtel deux étoiles **"
"BEST WESTERN Bretagne Montparnasse","BEST WESTERN Bretagne Montparnasse"
"BW14","Hôtel 4* - Paris 14ème"
"Hotel Alexandrie","Hôtel Alexandrie"
"paris14","Hôtel 3* - Paris 14ème"
"Hotel Eiffel Kennedy","Hôtel Eiffel Kennedy"
"paris16","Paris 16ème"
"Hotel de Neuville","BEST WESTERN Hôtel de Neuville"
"BW17","Hôtel 4* - Paris 17ème"
"OB7","Hotel 4* - Paris 17ème"
"Hotel Saint-Louis","Hôtel BEST WESTERN Saint-Louis"
"Hotel Saint-Louis2","BEST WESTERN Hôtel Saint Louis"
"Hôtels Wagram & Batignolles","Hôtels Wagram, Batignolles et Arc de Triomphe"
"BW","Hôtel 4* - Vincennes"
"Hotel Elysee Secret","BEST WESTERN PREMIER Elysée Secret"
"Hotel Aurore","Hôtel BEST WESTERN Aurore"
"BW12","Hôtel 3* - Paris 12ème"
"BW16","Hôtel 4* - Paris 12ème"
"Hotel Folkestone Opera","BEST WESTERN Hôtel Folkestone Opéra"
"BW8","Hôtel 3* - Paris 8ème"
"Hotel Sydney Opera","BEST WESTERN Hôtel Sydney Opéra"
"Hotel Mercedes","Hôtel BEST WESTERN Mercedes"
"Hotel Mercedes2","BEST WESTERN Hôtel Mercedes"
"Hotel aux Ducs de Bourgogne","Hôtel BEST WESTERN Ducs de Bourgogne"
"Hotel aux Ducs de Bourgogne2","BEST WESTERN Ducs de Bourgogne"
"BW1","Hôtel 4* - Paris 1er"
"Hotel Mac Mahon","Hôtel Champs Elysées Mac Mahon"
"exclusive17","Exclusive Hotels - Paris 17ème"
"Hôtels Louvre & Marais","Hôtels Louvre, Marais et Beaubourg"
"Hotel France Europe","Hôtel BEST WESTERN France Europe"
"Hotel France Europe2","BEST WESTERN Hôtel France Europe"
"BW3","Hôtel 3* - Paris 3ème"
"Hotel Aramis Saint Germain","BEST WESTERN Aramis Saint-Germain"
"BW6","Hôtel 3* - Paris 6ème"
"Hotel Pas-de-Calais","Hôtel Pas-de-Calais"
"Hotel Square des Batignolles", "Hôtel BEST WESTERN Opéra Batignolles"
"Hotel Square des Batignolles2", "BEST WESTERN Hôtel Opéra Batignolles"
"paris6","Hôtel 3* - Paris 6ème"
"Hotel Royal Opera","Hôtel Royal Opéra"
"Holiday InnParis Gare Montparnasse","Holiday Inn Paris Gare Montparnasse"
"paris8","Hôtel 4* - Paris 8ème"
"Ouest Hotel","Ouest Hôtel"
"Ouest Hotel2","Ouest Hôtel"
"Paris Hotel Gare de Lyon","Paris Hôtel Gare de Lyon"
"Hotel Sevres Montparnasse", "BEST WESTERN Sèvres-Montparnasse"
"paris12","Paris 12ème"
"paris15", "Paris 15ème"
"BW15", "Hôtel 3* - Paris 15ème"
"Notre dame, Quartier Latin, Ile Saint Louis","Notre dame, Quartier Latin, Ile Saint Louis"
"Cathedrale Notre Dame de Paris","Cathédrale Notre Dame de Paris"
"Ile-Saint-Louis","Ile-Saint-Louis"
"La Sainte-Chapelle","La Sainte-Chapelle"
"Universite de la Sorbone","Université de la Sorbone"
"Institut du Monde Arabe","L'Institut du Monde Arabe"
"Le square du Vert-Galant","Le square du Vert-Galant"
"Marais, les Halles, Beaubourg","Marais, les Halles, Beaubourg"
"Centre Georges Pompidou, Beaubourg","Centre Georges Pompidou, Beaubourg"
"Musee Carnavalet","Musée Carnavalet"
"Place des Vosges","Place des Vosges"
"Hotel de Ville","Hôtel de Ville"
"Tour Saint-Jacques","Tour Saint-Jacques"
"Fontaine Stravinski","Fontaine Stravinski"
"Musee Picasso ferme jusquen 2012","Musée Picasso (fermé jusqu'en 2012)"
"Louvre, Champs-Elysees, Etoile","Louvre, Champs-Elysées, Etoile"
"Musee du Louvre","Musée du Louvre"
"Pyramide du Louvre","Pyramide du Louvre"
"Cour carree du Louvre","Cour carrée du Louvre"
"Jardin des Tuileries","Jardin des Tuileries"
"Les Champs-Elysees","Les Champs-Elysées"
"Pont Alexandre-III","Pont Alexandre III"
"Arc de Triomphe, place de lEtoile","Arc de Triomphe, place de l'Etoile"
"Saint-Germain-des-Pres, Musee dOrsay, Montparnasse","Saint-Germain-des-Prés, Musée d'Orsay, Montparnasse"
"Musee dOrsay","Musée d'Orsay"
"Musee Rodin","Musée Rodin"
"Jardin du Luxembourg","Jardin du Luxembourg"
"Eglise Saint-Germain-des-Pres","Eglise Saint-Germain-des-Prés"
"Tour Eiffel, Trocadero, Invalides","Tour Eiffel, Trocadéro, Invalides"
"Tour Eiffel","Tour Eiffel"
"Musee du Quai Branly","Musée du Quai Branly"
"Place du Trocadero","Place du Trocadéro"
"Les Invalides","Les Invalides"
"Palais de Tokyo","Palais de Tokyo"
"Montmartre, Pigalle, Trinite","Montmartre, Pigalle, Trinité"
"Basilique du Sacre Coeur de Montmartre","Basilique du Sacre Cœur de Montmartre"
"Place du Tertre","Place du Tertre"
"Square Louise Michel","Square Louise Michel"
"Pigalle","Pigalle"
"Les Abesses","Les Abesses"
"Montmartre","Montmartre"
"Opera, Grands Boulevards, Bourse","Opéra, Grands Boulevards, Bourse"
"Jardin du Palais Royal","Jardin du Palais Royal"
"Opera Garnier","Opéra Garnier"
"Printemps Haussmann","Printemps Haussmann"
"Galerie Lafayette Haussmann","Galeries Lafayette Haussmann"
"Musee Grevin","Musée Grevin"
"Porte Maillot, Monceau , Wagram, Champerret","Porte Maillot, Monceau , Wagram, Champerret"
"Musee Jacquemart-Andre","Musée Jacquemart-André"
"Parc Monceau","Parc Monceau"
"Canal Saint-Martin, Belleville, La Villette","Canal Saint-Martin, Belleville, La Villette"
"Cite des sciences et de lindustrie","Cité des Sciences et de l'Industrie"
"Cite de la Musique","Cité de la Musique"
"La Geode","La Géode"
"Canal Saint Martin","Canal Saint-Martin"
"Republique, Bastille, Nation","République, Bastille, Nation"
"Cimetiere du Pere Lachaise","Cimetière du Père Lachaise"
"Opera Bastille","Opéra Bastille"
"Place de la Bastille","Place de la Bastille"
"Colonne de Juillet","Colonne de Juillet"
"Bercy, Bois de Vincennes, BnF, Place dItalie","Bercy, Bois de Vincennes, BnF, Place d'Italie"
"Bibliotheque Nationale de France (BnF)","Bibliothèque Nationale de France (BnF)"
"Passy, Auteuil, Bois de Boulogne","Passy, Auteuil, Bois de Boulogne"
"Les jardins de Bagatelle","Les jardins de Bagatelle"
"Denfert Rochereau, Alesia, Cite universitaire","Denfert Rochereau, Alésia, Cité universitaire"
"Les catacombes de Paris","Les catacombes de Paris"
"Le Panthéon", "Le Panthéon"
"Mosquée de Paris", "Mosquée de Paris"
"Jardin des plantes", "Jardin des plantes"
"Musée national du Moyen Age, Cluny", "Musée national du Moyen Age, Cluny"
"Histoire Naturelle", "Muséum National d'Histoire Naturelle - Galerie de l'évolution"
"Les Ponts (Pont Saint-Louis, Pont Marie, Pont de Sully …)", "Les Ponts (Pont Saint-Louis, Pont Marie, Pont de Sully …)"
"Conciergerie", "Conciergerie"
"Collège des Bernardins", "Collège des Bernardins"
"Arènes de Lutèce", "Arènes de Lutèce"
"Fontaine Saint-Michel", "Fontaine Saint-Michel"
"Bibliothèque Sainte-Geneviève
"Bibliothèque Sainte-Geneviève", "Bibliothèque Sainte-Geneviève"
"Place Dauphine", "Place Dauphine" 
"Jardin Tino-Rossi", "Jardin Tino-Rossi"
"Musée des arts et métiers", "Musée des arts et métiers"
"Archives nationales", "Archives nationales"
"Musée art et histoire du judaisme", "Musée d'art et d'histoire du judaisme"
"Hôtel de Sully", "Hôtel de Sully"
"Maison Européenne de la photographie (MEP)", "Maison Européenne de la photographie (MEP)"
"Musée Cognacq-Jay", "Musée Cognacq-Jay"
"Mémorial de La Shoah", "Mémorial de La Shoah"
"Maison de Victor Hugo", "Maison de Victor Hugo"
"Quartier et marché des Enfants-Rouges", "Quartier et marché des Enfants-Rouges"
"Synagogue de la rue Pavée", "Synagogue de la rue Pavée"
"Musée de la Chasse et de la Nature", "Musée de la Chasse et de la Nature"
"Pont Saint-Louis", "Pont Saint-Louis"
"Eglise Saint-Eustache", "Eglise Saint-Eustache"
"Pavillon Arsenal", "Pavillon de l'Arsenal"
"Jardin des Halles", "Jardin des Halles"
"Galerie nationale du Jeu de Paume", "Galerie nationale du Jeu de Paume"
"Petit Palais", "Petit Palais"
"Espace culturel Louis-Vuitton", "Espace culturel Louis-Vuitton"
"Place de la Concorde", "Place de la Concorde"
"Palais Elysée", "Palais de L'Elysée"
"Pont Royal", "Pont Royal"
"Eglise Saint-Germain-lAuxerrois", "Eglise Saint-Germain-l'Auxerrois"
"Palais de la Découverte", "Palais de la Découverte"
"Musée des égouts", "Musée des égouts"
"Musée de lOrangerie", "Musée de l'Orangerie"
"Musée Guimet des arts asiatiques", "Musée Guimet des arts asiatiques"
"Musée de la Mode et du Textile", "Musée de la Mode et du Textile"
"Fondation Cartier pour lart contemporain", "Fondation Cartier pour l'?art contemporain"
"Zadkine Museum", "Musée Zadkine"
"Pont Neuf", "Pont Neuf"
"Pont des Arts", "Pont des Arts"
"Cimitière Montparnasse", "Cimitière Montparnasse"
"Eglise et place Saint-Sulpice", "Eglise et place Saint-Sulpice"
"Ecole nationale supérieure des beaux-arts", "Ecole nationale supérieure des beaux-arts"
"Eglise Notre Dame des Champs", "Eglise Notre Dame des Champs"
"Musée Eugène Delacroix", "Musée Eugène Delacroix"
"Place de Furstenberg", "Place de Furstenberg"
"Jardin du Luxembourg", "Jardin du Luxembourg"
"La Pagode", "La Pagode"
"Musée Bourdelle", "Musée Bourdelle"
"Chapelle Notre Dame de la Médaille Miraculeuse", "Chapelle Notre Dame de la Médaille Miraculeuse"
"Fondation dentreprise Ricard pour lart contemporain", "Fondation d'entreprise Ricard pour l'art contemporain"
"Musée de la Poste", "Musée de la Poste"
"Musée dart moderne (Ville de Paris)", "Musée d'art moderne (Ville de Paris)"
"Cité de larchitecture et du patrimoine", "Cité de l'architecture et du patrimoine"
"Maison de la culture du Japon à Paris", "Maison de la culture du Japon à Paris"
"Musée de lArmée", "Musée de l'Armée"
"Musée Maillol", "Musée Maillol"
"Musée de lHomme", "Musée de l'Homme"
"Musée de la Marine", "Musée de la Marine"
"Réplique de la Statue de la Liberté", "Réplique de la Statue de la Liberté"
"Esplanade des Invalides", "Esplanade des Invalides"
"Parc du Champ-de-Mars", "Parc du Champ-de-Mars"
"Jardins du Trocadéro", "Jardins du Trocadéro"
"Pont des Invalides", "Pont des Invalides"
"Pont de lAlma", "Pont de l'Alma"
"Halle Saint-Pierre", "Halle Saint-Pierre"
"Espace Dali", "Espace Dali"
"Le Moulin de la Galette", "Le Moulin de la Galette"
"Musée de la vie romantique", "Musée de la vie romantique"
"Cimetière de Montmartre", "Cimetière de Montmartre"
"Musée de Montmartre", "Musée de Montmartre"
"Barbès", "Barbès"
"Eglise de la Sainte-Trinité", "Eglise de la Sainte-Trinité"
"Eglise et place de la Madeleine", "Place de la Madeleine"
"Palais de la Bourse", "Palais de la Bourse"
"Eglise et place de la Madeleine", "Eglise et place de la Madeleine"
"Eglise Saint-Eustache", "Eglise Saint-Eustache"
"Place et basilique Notre Dame des Victoires", "Place et basilique Notre Dame des Victoires"
"Galerie Vivienne", "Galerie Vivienne"
"Colonne et place Vendôme", "Colonne et place Vendôme"
"Musée Cernuschi", "Musée Cernuschi"
"Musée Nissim de Camondo", "Musée Nissim de Camondo"
"Grande halle de la Villette", "Grande halle de la Villette"
"Couvent des Recollets", "Couvent des Recollets"
"Parc des Buttes-Chaumont", "Parc des Buttes-Chaumont"
"Parc des Buttes-Chaumont", "Parc des Buttes-Chaumont"
"CENTQUATRE", "CENTQUATRE"
"Maison des métallos", "Maison des métallos"
"Le Plateau", "Le Plateau"
"Parc de la Villette", "Parc de la Villette"
"Parc de Belleville", "Parc de Belleville"
"Jardins dEole", "Jardins d'Eole"
"La coulée verte (Promenade Plantée)", "La coulée verte (Promenade Plantée)"
"Viaduc des Arts", "Viaduc des Arts"
"Fondation Antoine de Galbert Maison Rouge", "La Maison Rouge, Fondation Antoine de Galbert"
"Marché dAligre", "Marché d'Aligre"
"Marché Bastille", "Marché Bastille"
"Manufacture des Gobelins", "Manufacture des Gobelins"
"Cinémathèque française", "Cinémathèque française"
"Quartier asiatique de Paris", "Quartier asiatique de Paris"
"Passerelle Simone de Beauvoir", "Passerelle Simone de Beauvoir"
"Parc de Bercy", "Parc de Bercy"
"Parc Georges Brassens", "Parc Georges Brassens"
"Parc André Citroën", "Parc André Citroën"
"Jardin dacclimatation", "Jardin d'acclimatation"
"Bois de Boulogne", "Bois de Boulogne"
"Musée Marmottan-Claude Monet", "Musée Marmottan-Claude Monet"
"Jardin du Ranelagh", "Jardin du Ranelagh"
"Maison de la radio", "Maison de la radio"
"Fondation le Corbusier", "Fondation le Corbusier"
"Place Denfert-Rochereau", "Place Denfert-Rochereau"
"Quartier des Thermopyles", "Quartier des Thermopyles"
"Parc Montsouris", "Parc Montsouris"
"Cité Internationale Universitaire de Paris", "Cité Internationale Universitaire de Paris"
"Map","Carte"
"View hotel","Voir hôtel"
"To see","A voir"
"Going out", "Sortir, boire un verre"
"By night", "Nocturne"
"Features and Services","Services et prestations"
"Select your hotel in the list","Sélectionnez un hôtel dans la liste"
"Learn more about this room","Découvrez cette salle"
Pour de plus amples informations sur l’un de nos hôtels, n’hésitez pas à contacter directement l’équipe de l’hôtel. Vous trouverez ses coordonnées dans la liste ci-contre."
"Contact an hotel","Contacter un hôtel"
"Hotel contacts","Coordonnées de l’hôtel"
"Your about to contact","Vous êtes sur le point de contacter"
"If you need further information","Pour de plus amples informations sur l'un de nos établissements, contactez l'hôtel via le formulaire ci-dessous, en sélectionnant son nom dans la liste déroulante. 
Pour toute question ou suggestion relative à Hotels Grand Paris, vous pouvez également nous contacter en choisissant le champ vide dans la liste déroulante. Nous vous répondrons dans les meilleurs délais."
"Hotels Opera, Madeleine, St Lazare","Hôtels Opéra, Madeleine, St Lazare"
"Paris Hotels Opera","Paris Hotels Opera"
"Hotels Paris Champs Elysees, Etoile","Hôtels Paris Champs-Elysées, Étoile"
"Hotels Champs Elysees","Hôtels Champs-Elysées"
"Hotels Montparnasse, Saint Germain","Hôtels Montparnasse, Saint Germain"
"Hotels St Germain","Hôtels St Germain"
"Hotels Gare de Lyon, Vincennes","Hôtels Paris Gare de Lyon, Vincennes"
"Hotels Gare de Lyon","Hôtels Gare de Lyon"
"Hotels Louvre, Marais, Beaubourg","Hôtels Louvre, Marais, Beaubourg"
"Hotels Paris Louvre","Hôtels Louvre Paris"
"Hotels Wagram, Porte Maillot","Hôtels Wagram, Porte Maillot"
"Hotels Wagram, Arc de Triomphe","Hôtels Wagram, Arc de Triomphe"
"Hotels Wagram","Hôtels Wagram"
"Paris Opera, Madeleine, Saint Lazare hotels","Hôtels Opéra, Madeleine, Saint Lazare Paris"
"Paris Champs Elysees, Arc de Triomphe hotels","Hôtels Champs-Elysées, Arc de Triomphe Paris"
"Paris Saint Germain des Pres, Montparnasse hotels","Hôtels Saint-Germain-des-Prés, Montparnasse Paris"
"Paris Gare de Lyon Hotels, Vincennes hotels","Hôtels Gare de Lyon Paris, Hôtels Vincennes"
"Paris Louvre, Marais, Beaubourg hotels","Hôtels Louvre, Marais, Beaubourg Paris"
"Paris Wagram, Batignolles, Porte Maillot hotels","Hôtels Wagram, Batignolles, Porte Maillot Paris"
"Paris Passy, Auteuil hotels","Hôtels Passy, Auteuil Paris"
"All","Tous"
"Choose your hotel","Choisissez votre hôtel"
"Please select a hotel","Merci de sélectionner un hôtel"
"Choose your hotel","Choisissez votre hôtel"
"Select quartier","Sélectionnez un quartier"
"Select hotel","Sélectionnez un hôtel"
"hotel paris centre","Réservation Hôtels Paris Centre"
"Paris Hotels - Where to stay in Paris ?","Hôtels à Paris : Quel quartier choisir ?"
"intro Paris hotels by district","<strong>Paris</strong> est une des plus belles capitales d’Europe. La ville regorge d’activités, de curiosités, d’attractions et d’ambiances différentes : romantique, luxuriante,  contemporaine ou insolite. Son architecture diversifiée selon les arrondissements n’en demeure  pas moins l'une des plus préservées du monde. 
Choisir un <strong>hôtel</strong>, c’est aussi choisir un lieu de vie, même si la durée du séjour est courte. Pour faciliter ce choix, nous avons répertorié 6 grands <strong>quartiers de Paris</strong> :"
"Opéra, Madeleine, Saint-Lazare  | Champs-Elysées,  Arc de Triomphe | Saint-Germain-des-Prés, Montparnasse | Gare de Lyon, Bastille, Vincennes | Louvre, Beaubourg, Marais | Wagram, Batignolles, Porte Maillot."
"intro quartiers","<strong>Opéra, Madeleine, Saint-Lazare</strong>  | <strong>Champs-Elysées,  Arc de Triomphe</strong> | <strong>Saint-Germain-des-Prés, Montparnasse</strong> | <strong>Gare de Lyon, Bastille, Vincennes</strong> | <strong>Louvre, Beaubourg, Marais</strong> | <strong>Wagram, Batignolles, Porte Maillot</strong>."
"Paris districts and areas","Quartiers de Paris et arrondissements"
"Map of Paris","Carte de Paris"
"Opera, Hausmann, St Lazare","Opéra, Hausmann, St-Lazare"
"1. Opera, Madeleine, St Lazare : Paris 8 & 9","1. Opéra, Madeleine, Saint Lazare : Paris 8ème et 9ème"
"Personality : ","Ambiance :  "
"Business, shopping, classy","Affaires, commerçante et chic"
"description quartier Opera","Le <strong>quartier de l’Opéra</strong> avec ses magnifiques immeubles haussmanniens en pierre de taille est situé au centre-ouest de <strong>Paris</strong> entre les <strong>quartiers du Louvre</strong> et <strong>des Champs-Elysées</strong>. Ses Grands-Magasins en font un véritable paradis du shopping."
"View Paris Opera Hotels","Voir les hôtels à Opéra Paris"
"Tips","A savoir"
"Take a daytime visit at Opera Garnier","Visite en journée de l'Opéra Garnier"
"Plan ahead your reservation for Comedie Francaise and Opera as well","Réservation à prévoir pour la Comédie française et l'Opéra"
"Shop in the Japanese Brand store Uniqlo, rue Scribre","Boutique de la marque japonaise Uniqlo, rue Scribe Paris 9ème arrondissement"
"Gare Saint-Lazare","Gare Saint-Lazare"
"Galeries Lafayette Haussmann","Galeries Lafayette Haussmann"
"Printemps Haussmann","Printemps Haussmann"
"Place de la Madeleine"","Place de la Madeleine"
"Opera Garnier","Opéra Garnier"
"Champs Elysees, Arc de triomphe","Champs Elysées, Arc de triomphe"
"2. Champs Elysees, Etoile : Paris 8, 16 & 17","2. Champs-Elysées, Étoile : Paris 8ème, 16ème et 17ème"
"2. Champs Elysees, Etoile","2. Champs Elysées, Étoile"
"Luxurious, shopping and touristy","Touristique, commerçante et chic"
"description quartier Champs Elysees","Luxe, finance et pouvoir politique, <strong>les Champs Elysées</strong> sont le secteur doré de la capitale. L’avenue du même nom, considérée comme la plus belle de <strong<Paris</strong>, constitue pour beaucoup un passage obligé du <strong>8ème arrondissement</strong>."
"View Paris Champs Elysees Hotels","Voir les hôtels aux Champs-Elysées Paris",
"Shop on Sunday and week evenings on the Champs Elysees Avenue","Ouverture des magasins en nocturne et le dimanche sur les Champs-Elysées"
"Enjoy lighting of Champs Elysees during Christmas period","Illuminations sur les Champs-Elysées pour les fêtes de fin d'année"
"The Champs Elysees","Les Champs-Elysées"
"Saint Germain des Pres, Montparnasse","Saint-Germain-des-Prés, Montparnasse"
"3. Saint Germain des Pres, Montparnasse : Paris 6, 14 & 15","3. Saint-Germain-des-Prés, Montparnasse : Paris 6ème, 14ème et 15ème"
"Elegant, cultural, shopping","Culturelle, raffinée et commerçante"
"description quartier Saint Germain des Pres","Rive gauche, <strong>Saint-Germain-des-Prés</strong> est le quartier historique des maisons d’édition et des librairies, mélange de culture et de raffinement. Le <strong>quartier Montparnasse</strong> est un tout proche voisin qui propose de nombreuses attractions et restaurants (Cuisine française ou étrangère)."
"View Saint Germain des Pres & Montparnasse hotels","Voir les hôtels à Montparnasse et Saint-Germain-des-Prés"
"Take a drink at Café de Flore or Café des Deux Magots","Prendre un verre au Café de Flore ou aux Deux Magots"
"Visit the art galleries, rue de Seine","Nombreuses galeries d'art, rue de Seine"
"For kids only, Ride a pony in the Luxembourg Gardens","Pour les petits, promenade à poney dans le jardin du Luxembourg"
"Gare de Lyon, Bastille, Vincennes","Gare de Lyon, Bastille, Vincennes"
"4. Gare de Lyon, Bastille, Vincennes : Paris 11 & 12","4. Gare de Lyon, Bastille, Vincennes : Paris 11ème et 12ème"
"Popular, lively, trendy","Populaire, animée ou branchée"
"description quartier Gare de Lyon","Le <strong>quartier de la Gare de Lyon</strong> se situe à côté de <strong>Bastille</strong> et du <strong>Marais</strong>, destinations prisées pour le shopping alternatif, les bars, les restaurants et la vie nocturne. <strong>Vincennes</strong> offre un cadre calme et reposant à quelques minutes à peine de <strong>Paris</strong>."
"View Paris Gare de Lyon Hotels","Voir les hôtels à Gare de Lyon Paris"
"Explore the nice open-air Aligre market, closed on Monday","Le charmant Marché d'Aligre, tous les jours sauf le lundi"
"Have a walk on the Promenade Plantee","Balade sur la Promenade Plantée"
"Louvre, Beaubourg, Marais","Louvre, Beaubourg, Marais"
"5. Louvre, Beaubourg, Marais : Paris 1, 2 & 3","5. Louvre, Beaubourg, Marais : Paris 1er, 2ème et 3ème"
"Historical, touristy & lively","Historique, touristique et animée"
"description quartier Louvre","Le quartier s’organise autour du monumental <strong>musée du Louvre</strong> et du <strong>Palais Royal</strong>. Les luxueuses rues adjacentes  sont le territoire de la mode, de la joaillerie et de la haute couture. <strong>Le Marais</strong> est l'une des parties les plus anciennes de la Capitale. Chic et branché, ce quartier est aussi un haut lieu de la vie Gay."
"View Paris Louvre & Marais Hotels","Voir les hôtels Louvre et Marais"
"Get free admission in Louvre Museum on the first Sunday of each month","Musée du Louvre gratuit le premier dimanche de chaque mois"
"Shop in the Marais, on Sunday as well","Dans le Marais, ouverture des boutiques le dimanche"
"Please note that Picasso Museum is closed for renovation until 2012","Fermeture du musée Picasso jusqu'en 2012"
"Wagram, Batignolles, Porte Maillot","Wagram, Batignolles, Porte Maillot"
"6. Wagram, Batignolles, Porte Maillot : Paris 17","6. Wagram, Batignolles, Porte Maillot : Paris 17ème"
"6. Wagram, Batignolles, Arc de Triomphe : Paris 17","6. Wagram, Batignolles, Arc de Triomphe : Paris 17ème"
"6. Wagram, Batignolles, Arc de Triomphe","6. Wagram, Batignolles, Arc de Triomphe"
"Classy, peaceful, business","Calme, chic et affaires"
"description quartier Wagram","Le <strong>quartier Wagram Monceau</strong> est un proche voisin dans sa situation géographique, mais aussi dans son esprit, des <strong>quartiers de l’Opéra</strong> et des <strong>Champs-Elysées</strong>. Ce secteur résidentiel et calme présente une architecture au charme typiquement parisien."
"View Paris Wagram & Batignolles Hotels","Voir les hôtels Wagram et Batignolles Paris"
"Get a brunch at the Jacquemart-Andre museum cafe","Brunch recommandé au café Jacquemart-André"
"Explore Rue Poncelet Market","Le marché de la rue Poncelet "
"Have a walk in the Batignolles district","Promenez-vous dans le quartier des Batignolles"
"Monceau Park","Parc Monceau"
"Wagram Avenue","Avenue de Wagram"
"Square des Batignolles","Square des Batignolles"
"Rue Poncelet Market","Marché Rue Poncelet"
"Palais des congres","Palais des congres"
"Jacquemart-Andre Museum","musée Jacquemart-André"
"Louvre Museum","Musée du Louvre"
"Palais Royal Garden"," Jardin du Palais Royal"
"Beaubourg","Beaubourg"
"Saint-Jacques Tower","Tour Saint-Jacques"
"Tuileries Gardens","Jardin des Tuileries"
"Gare de Lyon","Gare de Lyon"
"Place de la Bastille","Place de la Bastille"
"Opera Bastille","Opéra Bastille"
"Bibliotheque nationale","Bibliotheque nationale"
"Chateau de Vincennes","Château de Vincennes"
"Eglise Saint Germain des Pres","Eglise Saint-Germain-des-Pres"
"Montparnasse Tower","Tour Montparnasse"
"Luxembourg Gardens","Jardin du Luxembourg"
"Fondation Cartier","Fondation Cartier"
"Pont des arts","Pont des arts"
"Quartiers Paris", "Quartiers de Paris"
"Sort By","Trier par"
"See another district","Voir les hôtels par quartier"
"localisation_acote","A côté"
"localisation_500m","5 min. à pied"
"localisation_1000m","10 min. à pied"
"localisation_1500m","15 min. à pied"
"Find your Hotel","Recherchez un hôtel à Paris"
"Read unbiased travellers’ reviews of our hotels with","Découvrez les avis voyageurs de nos hôtels avec"

"Hotel BEST WESTERN Opera Batignolles Paris 17th","Hôtel BEST WESTERN Opéra Batignolles Paris 17ème"
"Mathis Elysees Hotel Paris 8th","Hôtel Mathis Elysées Paris 8ème"
"Odeon Hotel Paris 6th","Odéon Hôtel Paris 6ème"
"Odeon Hotel","Odéon Hôtel"
"BEST WESTERN Hotel de Neuville Paris 17th","Hôtel BEST WESTERN de Neuville Paris 17ème"
"Sevres Montparnasse hotel Paris 15th","Hôtel BEST WESTERN Sèvres Montparnasse Paris 15ème"
"BEST WESTERN PREMIER Opera Opal Paris 8th","BEST WESTERN PREMIER Opéra Opal Paris 8ème"
"Hotel BEST WESTERN Aurore Paris 12th","Hôtel BEST WESTERN Aurore Paris 12ème"
"Hotel BEST WESTERN Folkestone Opera Paris 8th","Hôtel BEST WESTERN Folkestone Opéra Paris 8ème"
"Opera Marigny Hotel Paris 8th","Hôtel Opéra Marigny Paris 8ème"
"Hotel BEST WESTERN Aramis Saint Germain Paris 6th","Hôtel BEST WESTERN Aramis Saint-Germain Paris 6ème"
"Pas de Calais Hotel Paris 6th","Hôtel Pas-de-Calais Paris 6ème"
"Hotel BEST WESTERN France Europe Paris 3rd","Hôtel BEST WESTERN France Europe Paris 3ème"
"Alexandrie Hotel Paris 12th","Hôtel Alexandrie Paris 12ème"
"Paris Hotel Gare de Lyon Paris 12th","Paris Hôtel Gare de Lyon Paris 12ème"
"BEST WESTERN PREMIER Opera Diamond Paris 8th","BEST WESTERN PREMIER Opéra Diamond Paris 8ème"
"Hotel BEST WESTERN Sydney Opera Paris 8th","Hôtel BEST WESTERN Sydney Opéra Paris 8ème"
"Ouest Hotel Paris 8th","L'Ouest Hôtel Paris 8ème"
"BEST WESTERN PREMIER Louvre Saint Honore Paris 1st","BEST WESTERN PREMIER Louvre Saint Honoré Paris 1er"
"Hotel BEST WESTERN Mercedes Paris 17th","Hôtel BEST WESTERN Mercedes Paris 17ème"
"Hotel BEST WESTERN Saint Louis Vincennes","Hôtel BEST WESTERN Saint-Louis Vincennes"
"Hotel BEST WESTERN Ducs de Bourgogne Paris 1st","Hôtel BEST WESTERN Ducs de Bourgogne Paris 1er"
"Royal Opera Hotel Paris 8th","Hôtel Royal Opéra Paris 8ème"
"BEST WESTERN Bretagne Montparnasse Paris 14th","BEST WESTERN Bretagne Montparnasse Paris 14ème"
"Hotel des Champs Elysees Paris 8th","Hôtel des Champs-Elysées Paris 8ème"
"Athos Apartment near Aramis Hotel Paris 6th","Appartements Athos proche Hôtel Aramis Paris 6ème"
"Mac Mahon Hotel Paris 17th","Hôtel Champs Elysées Mac Mahon Paris 17ème"
"Mac Mahon Champs Elysees Residence Paris 17th","Résidence Champs-Elysées Mac-Mahon Paris 17ème"
"Hotel Elysee Secret Paris 8th","Hôtel Elysée Secret Paris 8ème"
"Aulivia Opéra","BEST WESTERN Aulivia Opéra"
"Aulivia Opéra2","BEST WESTERN Hôtel Aulivia Opéra"
"Hôtels Gare de Lyon, & Nation Paris","Hôtels Gare de Lyon, Nation Paris et Vincennes"
"1st","1er"
"2th","2ème"
"3rd","3ème"
"4th","4ème"
"5th","5ème"
"6th","6ème"
"7th","7ème"
"8th","8ème"
"9th","9ème"
"10th","10ème"
"11th","11ème"
"12th","12ème"
"13th","13ème"
"14th","14ème"
"15th","15ème"
"16th","16ème"
"17th","17ème"
"18th","18ème"
"19th","19ème"
"20th","20ème"
"Vincennes","Vincennes"
"61 Paris Nation Hotel","BEST WESTERN PREMIER 61 Paris Nation Hôtel"
"sitemap","Plan du site Hotels Grand Paris"
"Hotels Grand Paris – Des Hôtels authentiques, insolites et intimes à Paris.","Hotels Grand Paris – Des Hôtels authentiques, insolites et intimes à Paris."
"identifier hotels","Pour vous permettre d’identifier l’hôtel qui répond le mieux à vos attentes pour un séjour parisien, Hotels Grand Paris vous propose un ensemble de pages thématiques qui vous permettent de rechercher un hôtel par localisation, par catégorie mais aussi par style ou ambiance."
"Pour un premier aperçu, visitez notre page","Pour un premier aperçu, visitez notre page :"
"Hôtels à Paris – Quel quartier choisir","> Hôtels à Paris – Quel quartier choisir ?"
"Hôtels à Paris par quartier","Hôtels à Paris par quartier"
"Hôtels par catégories","Hôtels par catégories"
"Hôtels par arrondissement","Hôtels par arrondissement"
"Hôtels par Style","Hôtels par Style"
"Les pages principales du site","Les pages principales du site"
"Hôtels Opéra, Madeleine et Saint Lazare","Hôtels Opéra, Madeleine et Saint Lazare"
"Hôtels Champs-Elysées et Arc de Triomphe","Hôtels Champs-Elysées et Arc de Triomphe"
"Hôtels Saint Germain des Prés et Montparnasse","Hôtels St Germain des Prés et Montparnasse"
"Hôtels Louvre, Marais et Beaubourg","Hôtels Louvre, Marais et Beaubourg"
"Hôtels Gare de Lyon, Nation Paris et Vincennes","Hôtels Gare de Lyon, Nation Paris et Vincennes"
"Hôtels Wagram, Batignolles et Arc de Triomphe","Hôtels Wagram, Batignolles et Arc de Triomphe"
"Et aussi","Et aussi"
"Hôtels Arc de Triomphe Paris","Hôtels Arc de Triomphe Paris"
"Hôtel Gare du Nord","Hôtel Gare du Nord"
"Hôtels Gare Montparnasse","Hôtels Gare Montparnasse"
"Hôtels Gare Saint Lazare","Hôtels Gare Saint Lazare"
"Hôtel Nation Paris","Hôtel Nation Paris"
"Hôtels 2 étoiles Paris","Hôtels 2 étoile Paris"
"Hôtels 3 étoiles Paris","Hôtels 3 étoiles Paris"
"Hôtels 4 étoiles Paris","Hôtels 4 étoiles Paris"
"Sélection de Best Western","Notre sélection de Best Western à Paris"
"Sélection de Best Western Premier","Notre sélection de Best Western Premier à Paris"
"Hôtels de Luxe Paris","Hôtels de Luxe Paris"
"Boutique Hôtel Paris","Boutique Hôtel Paris"
"Hôtels de charme Paris","Hôtels de charme Paris"
"Hôtels romantique Paris","Hôtels romantique Paris"
"Hôtels Sympa Paris","Hôtels sympa Paris"
"Hôtels pas cher Paris","Hôtels pas cher Paris"
"Réservation","Réservation"
"Conditions générales","Conditions générales"
"Les pages principales du site","Les pages principales du site"
"Hôtels Paris 1er","Hôtels Paris 1er "
"Hôtels Paris 3eme","Hôtel  Paris 3ème"
"Hôtels Paris 6eme","Hôtels Paris 6ème "
"Hôtels Paris 8eme","Hôtels Paris 8ème"
"Hôtels Paris 10eme","Hôtel Paris 10ème"
"Hôtels Paris 12eme","Hôtels Paris 12ème"
"Hôtels Paris 14eme","Hôtels Paris 14ème"
"Hôtels Paris 15eme","Hôtel Paris 15ème"
"Hôtels Paris 17eme","Hôtels Paris 17ème"
"hotel","Hôtel"
"lien-fast-booking","http://www.secure-hotel-booking.com/Hotels-Grand-Paris/233E/dateselection"
"Hotel Beauchamps","Hôtel Beauchamps"
"Hotel Beauchamps - Hotel Paris 8th","Hôtel Beauchamps - Hôtel Paris 8ème"
"Hotel Jules","Hôtel Jules"
"Hotel Jules - Hotel Paris 9th","Hôtel Jules - Hôtel Paris 9ème"
"jules9","Hôtel 4* - Paris 9ème"
"velizy","Hôtel 4* - Vélizy-Villacoublay"
"HI10","Hôtel 4* - Paris 10ème"
"beauchamps8","Hôtel 4* - Paris 8ème"
"jules9999","Hôtel 4* - Paris 9ème"


"Liens Partenaires","Liens Partenaires"
"Les adresses authentiques, insolites et intimes d’Hotels Grand Paris","Les adresses authentiques, insolites et intimes d’Hotels Grand Paris"
"Les adresses authentiques, insolites et intimes d’Hotels Grand Paris","Hotels Grand Paris - Authentic, Orginal & Unique Places"
"Le portail Hotels Grand Paris vous propose une selection","Le portail Hotels Grand Paris vous propose une sélection d’hôtels indépendants authentiques, insolites et intimes à Paris.  Pour compléter cette expérience parisienne, nous vous proposons une sélection d’adresses indépendantes et non standardisées en lien avec le voyage.
Si vous partagez nos valeurs et souhaitez nous soumettre votre site pour figurer sur cette page, sachez que nous procédons à des échanges de liens avec des sites.
N’hésitez pas à nous contacter via le formulaire de contact ci-contre !"
"Your inquiry was successfully submitted, thank you for your interest about HotelsGrandParis","Votre message a été envoyé. Nous vous remercions de votre intérêt pour Hotels Grand Paris."
"Submit1","Envoyer"
"Video","Vidéo"
"Hotel Wallace","Hôtel Wallace"
"Home - Hotels Grand Paris","Accueil - Hôtels Grand Paris"
"Hotels in Paris","Hôtels Paris"
"Where to Stay in Paris","Quartiers et Arrondissements de Paris"
"Paris Hotels Map","Carte et Plan de Paris"
"Hotels Grand Paris - About Us","Hotels Grand Paris - Qui Sommes-nous"
"Hotels Grand Paris - Partnership","Hotels Grand Paris - Partenariat"
"Hotels Grand Paris - Contact Us","Hotels Grand Paris - Contact"

"Best official prices","Tarifs site officiel"
"Book online","Réservez votre hôtel à Paris"
"Mercure Paris Terminus Nord - Hotel Paris 10th","Mercure Paris Terminus Nord - Hôtel Paris 10"
"Notre selection dadresses a Paris","Notre selection d\'adresses a Paris"
"Check availability & rates on Hotel Website.","Vérifier les disponibilités et tarifs sur le site officiel de l'hôtel."
"Search an hotel in Paris By","Trouvez votre hôtel à Paris"
"Select a district","Choisissez un arrondissement"
"Districts","Arrondissements"
"Styles","Styles"
"Select a style","Choisissez un style"
"Select Category","Choisissez une catégorie"
"Category","Catégories"
"Paris Districts","Quartiers"
"Choose a district","Choisissez un quartier"
"see all the hotels in Paris","Voir tous les hôtels à Paris"
"Tel","Tél"
"Hotel Grand Paris - Booking Hotel Paris - Hotel Paris Center","Hotels Grand Paris - Réservation Hôtel Paris - Hôtels Paris Centre"
"Read unbiased travellers reviews of our hotels with","Découvrez les avis voyageurs de nos hôtels avec"
"Choose an arrondissement","Choisissez un arrondissement"
"Paris Arrondissements","Arrondissements"
"See available dates","Voir les disponibilités"
"Hotels Champs-Elysees","Hôtels Paris Champs-Elysées"
"Hotels Paris Opera, Hotels Paris Madeleine & Hotels Paris St Lazare","Hôtels Paris Opéra, Hôtels Paris Madeleine et Hôtels Paris Saint Lazare"
"Hotels Paris St Germain des Pres & Hotels Paris Montparnasse","Hôtels Paris St Germain des Prés et Hôtels Paris Montparnasse"
"Hotels Paris Louvre, Hotels Paris Marais & Hotels Paris Beaubourg","Hôtels Paris Louvre, Hôtels Paris Marais et Hôtels Paris Beaubourg"
"Hotels Paris Gare de Lyon, Hotels Paris Nation, Hotels Vincennes","Hôtel Paris Gare de Lyon, Hôtel Paris Nation et Hôtel Vincennes"
"Hotels Paris Wagram & Hotels Paris Batignolles","Hôtels Paris Wagram, Hôtels Paris Batignolles et Hôtels Paris Arc de Triomphe"
"Hotels in Paris City Centre","Hôtels Paris Centre"
"Hotels Paris Opera, Hotels Paris Madeleine & Hotels Paris St Lazare","Hôtels Paris Opéra, Hôtels Paris Madeleine et Hôtels Paris Saint Lazare"
"Royal Opera Hotel - Hotel Paris 8th","Hôtel Royal Opéra - Hôtel Paris 8"
"Ouest Hotel - Hotel Paris 8th","Ouest Hôtel - Hôtel Paris 8"
"BEST WESTERN Hotel Sydney Opera - Hotel Paris 8th","BEST WESTERN Hôtel Sydney Opéra - Hôtel Paris 8"
"BEST WESTERN Hotel Folkestone Opera - Hotel Paris 8th","BEST WESTERN Hôtel Folkestone Opéra - Hôtel Paris 8"
"BEST WESTERN PREMIER Opera Opal - Hotel Paris 8th","Hôtel BEST WESTERN PREMIER Opéra Opal - Hôtel Paris 8"
"BEST WESTERN PREMIER Opera Diamond - Hotel Paris 8th","Hôtel BEST WESTERN PREMIER Opéra Diamond - Hôtel Paris 8"
"Hotels Paris Champs Elysees & Hotels Paris Arc de Triomphe","Hôtels Paris Champs-Elysées et Hôtels Paris Arc de Triomphe"
"Mathis Elysees Hotel - Hotel Paris 8th","Hôtel Mathis Elysées - Hôtel Paris 8"
"Champs Elysees Mac Mahon Hotel - Hotel Paris 17th","Hôtel Champs Elysées Mac Mahon - Hôtel Paris 17"
"BEST WESTERN PREMIER Elysee Secret - Hotel Paris 8th","BEST WESTERN PREMIER Elysée Secret - Hôtel Paris 8"
"Hotels Paris St Germain des Pres & Hotels Paris Montparnasse","Hôtels Paris St Germain des Prés et Hôtels Paris Montparnasse"
"Pas de Calais Hotel - Hotel Paris 6th","Hôtel Pas-de-Calais - Hôtel Paris 6"
"Odeon Hotel - Hotel Paris 6th","Odéon Hôtel - Hôtel Paris 6"
"BEST WESTERN Aramis Saint Germain - Hotel Paris 6th","BEST WESTERN Aramis Saint-Germain - Hôtel Paris 6"
"BEST WESTERN Bretagne Montparnasse - Hotel Paris 14th","BEST WESTERN Bretagne Montparnasse - Hôtel Paris 14"
"BEST WESTERN Sevres Montparnasse - Hotel Paris 15th","BEST WESTERN Sèvres-Montparnasse - Hôtel Paris 15"
"Holiday Inn Paris Gare Montparnasse - Hotel Paris 14th","Holiday Inn Paris Gare Montparnasse - Hôtel Paris 14"
"Wallace Hotel - Hotel Paris 15th","Hôtel Wallace - Hôtel Paris 15"
"Hotels Paris Louvre, Hotel Paris Marais & Hotel Paris Beaubourg","Hôtels Paris Louvre, Hôtels Paris Marais et Hôtels Paris Beaubourg"
"BEST WESTERN Hotel Ducs de Bourgogne - Hotel Paris 1st","BEST WESTERN Ducs de Bourgogne - Hôtel Paris 1er"
"BEST WESTERN PREMIER Hotel Louvre St Honore - Hotel Paris 1st","BEST WESTERN PREMIER Louvre Saint Honoré - Hôtel Paris 1er"
"BEST WESTERN Hotel France Europe - Hotel Paris 3rd","BEST WESTERN Hôtel France Europe - Hôtel Paris 3"
"BEST WESTERN Hotel Aulivia Opera - Hotel Paris 10th","BEST WESTERN Hôtel Aulivia Opéra - Hôtel Paris 10"
"Hotels Paris Gare de Lyon, Hotels Paris Nation, HotelsVincennes","Hôtels Paris Gare de Lyon, Hôtels Paris Nation et Hôtels Vincennes"
"Alexandrie Hotel - Hotel Paris 12th","Hôtel Alexandrie - Hôtel Paris 12"
"61 Paris Nation Hotel - Hotel Paris 12th","BEST WESTERN PREMIER 61 Paris Nation Hôtel - Hotel Paris 12"
"BEST WESTERN Hotel Saint Louis - Hotel Vincennes near Paris","BEST WESTERN Hôtel Saint Louis - Hôtel Château de Vincennes"
"Hotels Paris Wagram & Hotels Paris Batignolles","Hôtels Paris Wagram, Hôtels Paris Batignolles et Hôtels Paris Arc de Triomphe"
"BEST WESTERN Hotel Mercedes - Hotel Paris 17th","BEST WESTERN Hôtel Mercedes - Hôtel Paris 17"
"BEST WESTERN Hotel Opera Batignolles - Hotel Paris 17th","BEST WESTERN Hôtel Opéra Batignolles - Hôtel Paris 17"
"BEST WESTERN Hotel De Neuville - Hotel Paris 17th","BEST WESTERN Hôtel de Neuville - Hôtel Paris 17"
"Hotels Paris Arc de Triomphe","Hôtels Paris Arc de Triomphe"
"Hotel Paris Gare du Nord","Hôtel Paris Gare du Nord"
"Hotels Paris Gare Montparnasse","Hôtels Paris Gare Montparnasse"
"Hotels Paris Gare Saint Lazare","Hôtels Paris Gare Saint Lazare"
"Hotel Paris Nation","Hôtel Paris Nation"
"2 Star Hotel in Paris","Hôtels Paris 2 étoiles" 
"3 Star Hotel in Paris","Hôtels Paris 3 étoiles"
"4 Star Hotel in Paris","Hôtels Paris 4 étoiles"
"Hotels Paris Best Western","Hôtels Paris Best Western"
"Hotels Paris Best Western Premier","Hôtels Paris Best Western Premier"
"Hotels in 1st arrondissement Paris","Hôtels Paris 1er  arrondissement"
"Hotel in 3rd arrondissement Paris","Hôtel Paris 3ème arrondissement"
"Hotels in 6th arrondissement Paris","Hôtels Paris 6ème  arrondissement"
"Hotels in 8th arrondissement Paris","Hôtels Paris 8ème  arrondissement"
"Hotels in 10th arrondissement Paris","Hôtels Paris 10ème  arrondissement"
"Hotels in 12th arrondissement Paris","Hôtels Paris 12ème  arrondissement"
"Hotels in 14th arrondissement Paris","Hôtels Paris 14ème  arrondissement"
"Hotels in 15th arrondissement Paris","Hôtels Paris 15ème  arrondissement"
"Hotels in 17th arrondissement Paris","Hôtels Paris 17ème  arrondissement"
"Hotel Vincennes","Hôtel Vincennes"
"Boutique Hotels Paris","Boutique Hôtels Paris"
"Luxury Hotels Paris","Hôtels Paris Luxe"
"Small Hotels Paris","Hôtels Paris Charme"
"Romantic Hotels Paris","Hôtels Paris Romantique"
"Great Hotels Paris","Hôtels Paris Sympa"
"Budget Hotels Paris","Hôtels Paris pas Cher"
"Hotels Grand Paris - Hotels in Paris City Centre","Hôtels Grand Paris - Hôtels Paris Centre"
"Hotels Grand Paris - Hotels Paris","Hôtels Grand Paris - Hôtels Paris"
"Hotels Grand Paris - Map of Paris","Hôtels Grand Paris - Carte de Paris"
"Hotels Grand Paris - About us","Hôtels Grand Paris - Qui sommes-nous ?"
"Hotels Grand Paris - Partnership","Hôtels Grand Paris - Partenariat"
"Hotels Grand Paris - Contact us","Hôtels Grand Paris - Contact"
"Hotels Grand Paris - Terms & conditions","Hôtels Grand Paris - Conditions générales"
"Hotels Paris Opera, Hotels Paris Madeleine & Hotels Paris St Lazare","Hôtels Paris Opéra, Hôtels Paris Madeleine et Hôtels Paris Saint Lazare"
"Hotels Paris Opera, Hotels Paris Madeleine & Hotels Paris St Lazare","Hôtels Paris Opéra, Hôtels Paris Madeleine et Hôtels Paris Saint Lazare"
"Virtual tour","Visite 360°"
"Hotels Gare du Nord & Gare de lest","Hôtels Gare du Nord et Gare de l&apos;Est"
"Holiday Inn Paris Gare de lest","Holiday Inn Paris Gare de L&apos;Est"
"BEST WESTERN PREMIER Faubourg 88 - Hotel Paris 10th","BEST WESTERN PREMIER Faubourg 88 - Hôtel Paris 10"
"Holiday Inn Paris Gare de lest - Hotel Paris 10th","Holiday Inn Paris Gare de l&apos;Est - Hôtel Paris 10ème"
"Faubourg boutique hotel","Boutique hôtel - Paris 10ème"