"%s Item(s)","%s Item(s)"
"%s Item(s)","%s Item(s)"
"&copy; 2008 Magento Demo Store. All Rights Reserved.","&copy; 2008 Magento Demo Store. All Rights Reserved."
"(Shift-)Click or drag to change value","(Shift-)Click or drag to change value"
"(ver. %s)","(ver. %s)" 
"phone","Your Phone"
"Le portail Hotels Grand Paris vous propose une s&eacute;lection d&acute;h&ocirc;tels ind&eacute;pendants authentiques, insolites et intimes &agrave; Paris.  Pour compl&eacute;ter cette exp&eacute;rience parisienne, nous vous proposons une s&eacute;lection d&acute;adresses ind&eacute;pendantes et non standardis&eacute;es en lien avec le voyage.
Si vous partagez nos valeurs et souhaitez nous soumettre votre site pour figurer sur cette page, sachez que nous proc&eacute;dons &agrave; des &eacute;changes de liens avec des sites.","The Hotels Grand Paris Web Portal handpicks a selection of independent authentic, original and unique Hotels in Paris. To go further than this Parisian experience, we provide a short list of quality independent places related to travel. 
If you share our vision of travel and wish to be listed on this page, you can submit your Website.  We make link exchange on reciprocal basis.
So do not hesitate to contact us through the contact form beside!"
"page of your site where the link will appear","Reciprocal Link URL on your website domain"
"your mail address","Your Email"
"exemple of links to cpy and paste in your site","Link to copy & paste in the page at the URL<br/> specified below."
"200 char min","(limit: 200)"
"URL of your site","Your Website URL"
"Name site","Website Name"
"Links Exchange","Links & Partners"
"Les adresses authentiques, insolites et intimes Hotels Grand Paris","Hotels Grand Paris - Authentic, Orginal &amp; Unique Places"
"Nos adherents","Our Members"
"Des adresses en France","Our selection of hotels in France"
"- Click on any of the time parts to increase it","- Click on any of the time parts to increase it"
"- Hold mouse button on any of the above buttons for faster selection.","- Hold mouse button on any of the above buttons for faster selection."
"- Use the %s buttons to select month","- Use the %s buttons to select month"
"- Use the %s, %s buttons to select year","- Use the %s, %s buttons to select year"
"- or Shift-click to decrease it","- or Shift-click to decrease it"
"- or click and drag for faster selection.","- or click and drag for faster selection."
"1 column","1 column" 
"2 columns with left bar","2 columns with left bar"
"2 columns with right bar","2 columns with right bar"
"3 columns","3 columns"
"About the calendar","About the calendar"
"Click <a href=""%s"">here</a> if nothing has happened","Click <a href=""%s"">here</a> if nothing has happened"
"Close","Close"

"Close Window","Close Window"
"DHTML Date/Time Selector","DHTML Date/Time Selector"
"Date selection:","Date selection:"
"Default Description","Default Description"
"Default welcome msg!","Default welcome msg!"
"Display %s first","Display %s first"
"Distributed under GNU LGPL. See %s for details.","Distributed under GNU LGPL. See %s for details."
"Drag to move","Drag to move"
"Empty","Empty"
"Paris Inn Group", "Paris Inn Group Hotel Investment and Asset Management"
"For latest version visit: %s","For latest version visit: %s"
"Go Today","Go Today"
"Help Us to Keep Magento Healthy","Help Us to Keep Magento Healthy"
"Interface Language","Interface Language"
"Items %s to %s of %s total","Items %s to %s of %s total"
"Next Page","Next Page"
"Next month (hold for menu)","Next month (hold for menu)"
"Next year (hold for menu)","Next year (hold for menu)"
"Page:","Page:"
"Prev. month (hold for menu)","Prev. month (hold for menu)"
"Prev. year (hold for menu)","Prev. year (hold for menu)"
"Previous Page","Previous Page"
"Redirecting...","Redirecting..."
"Report All Bugs","Report All Bugs"
"Select Store","Select Store"
"Select date","Select date"
"Show","Show"
"Skip to Footer","Skip to Footer"
"Skip to Left Column","Skip to Left Column"
"Skip to Main Content","Skip to Main Content"
"Skip to Right Column","Skip to Right Column"
"This is a demo store. Any orders placed through this store will not be honored or fulfilled.","This is a demo store. Any orders placed through this store will not be honored or fulfilled."
"Time selection:","Time selection:"
"Time:","Time:"
"We detected that your JavaScript seem to be disabled.","We detected that your JavaScript seem to be disabled."
"Welcome, %s!","Welcome, %s!"
"You must have JavaScript enabled in your browser to utilize the functionality of this website.","You must have JavaScript enabled in your browser to utilize the functionality of this website."
"You're currently on:","You're currently on:"
"Your Language","Your Language"
"Your Language:","Your Language:"
"per page","per page"
"Home", "Home"
"Hotel", "Hotels"
"About us", "About us"
"Partenaireship", "Partnership"
"Contacts", "Contact us"
"Search on the map", "View Paris Hotel Map"
"Hotels Grand Paris", "Hotels Grand Paris"
"Independants Hoteliers", "Independent hotels"
"Subscribe", "Submit"
"Your e-mail", "Enter your email address"
"To be informed of our last news", "Be informed of our latest news and Promotion, subscribe now!"
"Newsletter", "Newsletter signup"
"Back to home", "Back to Home Page"
"For any request or suggestion relating to HotelsGrandParis, please contact us by completing the form below. We try to answer you as soon as possible.", "Use our contact form to send questions and comments. We appreciate your feedback! We will do our best to get back to you in a timely manner."
"If your application is for a reservation, we thank you indicate your reservation number", "If you contact us regarding an existing booking, please mention the booking number in your request"
"Browse our selection","Find a hotel in Paris"
"Fill this area","Please enter your search term."
"Search","Search"
"See all hotels in Paris","See all hotels in Paris"
"Your search","Location, hotel name"
"Book your hotel","Book a hotel in Paris"
"Book_list","View availability &amp; rates"
"Advanced_option","Advanced option - View room rate calendar"
"Book_home","Check Availability &amp; rates"
"Book this hotel","View availability &amp; rates for this hotel"
"Arrival Date","Arrival Date"
"Nb. of night(s)","Nb. of night(s)"
"Date outside the planning","Date outside of the planning"
"January","January"
"February","February"
"March","March"
"April","April"
"May","May"
"June","June"
"July","July"
"August","August"
"September","September"
"October","October"
"November","November"
"December","December"
"See the complete list","See all"
"from","from"
"From_","From"
"Grand Hotel Paris, addresses authentic, unusual and intimate !","<br /><br />Hotels Grand Paris, Authentic, Original and Unique addresses!"
"Back to overview","View full Map of Paris"
"Select your points of interest","Display your points of interest"
"Hotel","Hotels"
"Do not miss","Must Sees"
"Enter a location","Find an address"
"Location1","Location"
"Best prices guaranteed !","Best price guaranteed!"
"In brief","Hotel Details"
"Breakfast","Breakfast"
"Features","Features"
"Style","Style"
"Ambiance","Ambiance"
"Services","Services"
"Lang. spoken","Languages Spoken"
"Nb. rooms","Number of rooms"
"Manufacture year","Date of construction"
"About the hotel","About this Hotel"
"References and Press","Press &amp; Guide"
"Special Conditions","Hotel policies"
"Breakfast (prices from)","Breakfast (prices from)"
"Check-inn","Check-in"
"Check-out","Check-out"
"Booking conditions","Booking policy"
"Cancellation Policy","Cancellation Policy"
"Payment cards accepted","Payment cards accepted"
"See this hotel","See this hotel"
"Message","Comment or Question"
"Canal Saint-Martin, Belleville, La Villette","Canal Saint-Martin, Belleville, La Villette"
"Montmartre, Pigalle, Trinite","Montmartre, Pigalle, Trinite"
"Porte Maillot, Monceau, Wagram, Champerret","Porte Maillot, Monceau, Wagram, Champerret"
"Porte de Versailles, Lecourbe, Andre Citroen","Porte de Versailles, Lecourbe, Andre Citroen"
"Passy, Auteuil, Bois de Boulogne","Passy, Auteuil, Bois de Boulogne"
"Denfert Rochereau, Alesia, Cite universitaire","Denfert Rochereau, Alesia, Cite universitaire"
"Bercy, Bois de Vincennes, BnF, Place dItalie","Bercy, Bois de Vincennes, BnF, Place dItalie"
"Republique, Bastille, Nation","Republique, Bastille, Nation"
"Marais, Les Halles, Beaubourg","Marais, Les Halles, Beaubourg"
"Opera, Grands Boulevards, Bourse","Opera, Grands Boulevards, Bourse"
"Louvre, Champs-Elysees, Etoile","Louvre, Champs-Elysees, Etoile"
"Tour Eiffel, Trocadero, Invalides","Tour Eiffel, Trocadero, Invalides"
"Saint-Germain-des-Pres, Musee dOrsay, Montparnasse","Saint Germain des Pres, Musee dOrsay, Montparnasse"
"Notre-Dame, Quartier Latin, ile Saint Louis","Notre-Dame, Quartier Latin, ile Saint Louis"
"Hotels quatre etoiles **** et Residences","Four Star Hotels **** and Boutique-Hotels"
"Hotels cinq etoiles **** et Residences","Five Star Hotels ***** and Boutique-Hotels"
"cinqEtoiles17","Hotel 5* - Paris 17th"
"Hotel Opéra Diamond","BEST WESTERN PREMIER Opera Diamond 4*"
"BEST WESTERN PREMIER Opera Liege","BEST WESTERN PREMIER Opera Liege 5*"
"BEST WESTERN PREMIER Kapital Opera","BEST WESTERN PREMIER Kapital Opera 4*"
"BEST WESTERN PLUS Suitcase Paris - La Defense","BEST WESTERN PLUS Suitcase Paris - La Defense 4*"
"BWboiscolombes","Hôtel 4* - Bois-Colombes"
"jules9999","Hôtel 4* - Paris 9ème"
"BWP8","Hotel 4* - Paris 8th"
"Hotel Louvre Saint Honore","BEST WESTERN PREMIER Louvre Saint Honore"
"Hotel Louvre Saint Honore2","BEST WESTERN PREMIER Louvre St Honore 4*"
"BWP1","Hotel 4* - Paris 1st"
"paris10","Hotel 4* - Paris 10th"
"Hotel Opera Marigny","Opera Marigny Hotel"
"paris1","Paris 1st"
"Hotel Opal","BEST WESTERN PREMIER Opera Opal 4*"
"Hotel Mathis Elysees","Mathis Elysees Hotel"
"exclusive8","Exclusive Hotels 4* - Paris 8th"
"Hotel des Champs-Elysees","Champs Elysees Hotel"
"paris8","Hotel 4* - Paris 8th"
"EL8","Hotel 4* - Paris 8th"
"Residence Mac Mahon Champs Elysees","Champs Elysees Mac Mahon Residence"
"Hotel Square des Batignolles", "Opera Batignolles Hotel"
"Hotel Square des Batignolles2", "BEST WESTERN Opera Batignolles 4*"
"paris17","Paris 17th"
"Appartements Athos, Hotel Aramis","Athos Apartments, Aramis Hotel "
"Appartements Athos","Athos Apartments "
"paris6","Hotel 3* - Paris 6th"
"RO8A","Hotel 3* - Paris 8th"
"RO8B","Hotel 3* - Paris 8th"
"Hotels trois etoiles ***","Three Star Hotels ***"
"Hotels deux etoiles**","Two Star Hotel **"
"BEST WESTERN Bretagne Montparnasse","BEST WESTERN Bretagne Montparnasse 4*"
"BW14","Hotel 4* - Paris 14th"
"Hotel Alexandrie","Alexandrie Hotel"
"paris14","Hotel 3* - Paris 14th"
"Hotel Eiffel Kennedy","Eiffel Kennedy Hotel"
"paris16","Paris 16th"
"Hôtels Wagram & Batignolles","Hotels Wagram &amp; Batignolles"
"Hotel de Neuville","BEST WESTERN De Neuville 4*"
"BW17","Hotel 4* - Paris 17th"
"BW16","Hotel 4* - Paris 12th"
"OB7","Hotel 4* - Paris 17th"
"Hotel Saint-Louis","BEST WESTERN Saint Louis Hotel"
"Hotel Saint-Louis2","BEST WESTERN Saint Louis 4*"
"BW","Hotel 4* - Vincennes"
"Hotel Elysee Secret","Best Western Plus Elysee Secret 4*"
"Hotel Aurore","BEST WESTERN Aurore Hotel"
"BW12","Hotel 3* - Paris 12th"
"Hotel Folkestone Opera","BEST WESTERN Hotel Folkestone Opera"
"BW8","Hotel 3* - Paris 8th"
"Hôtels Louvre & Marais","Hotels Louvre, Marais &amp; Beaubourg"
"Hotel Sydney Opera","BEST WESTERN Hotel Sydney Opera"
"Hotel Mercedes","BEST WESTERN Mercedes Hotel"
"Hotel Mercedes2","BEST WESTERN Hotel Mercedes"
"Hotel aux Ducs de Bourgogne","BEST WESTERN Ducs de Bourgogne 4*"
"Hotel aux Ducs de Bourgogne2","BEST WESTERN Hotel Ducs de Bourgogne 4*"
"BW1","Hotel 4* - Paris 1st"
"Hotel Mac Mahon","MAISON ALBAR Champs Elysees Mac Mahon"
"exclusive17","Exclusive Hotels - Paris 17th"
"Hotel France Europe","BEST WESTERN France Europe Hotel"
"Hotel France Europe2","BEST WESTERN PREMIER Marais Grands Boulevards 4*"
"BW3","Hotel 3* - Paris 3rd"
"Hotel Aramis Saint Germain","BEST WESTERN Aramis Saint Germain"
"BW6","Hotel 3* - Paris 6th"
"Hotel Pas-de-Calais","Pas de Calais Hotel "
"Hotel Sevres Montparnasse", "BEST WESTERN Sevres Montparnasse 4*"
"BEST WESTERN PREMIER Opera Liege","BEST WESTERN PREMIER Opera Liege 5*"
"paris6","Hotel 3* - Paris 6th"
"paris15", "Paris 15th"
"BW15", "Hotel 4* - Paris 15th"
"BW09", "Hotel 5* - Paris 9th"
"Hotel Royal Opera","Royal Opera Hotel"
"Ouest Hotel","Ouest Hotel"
"Ouest Hotel2","Ouest Hotel 3*"
"paris12","Paris 12th"
"Holiday InnParis Gare Montparnasse","Holiday Inn Paris Gare Montparnasse 4*"
"Notre dame, Quartier Latin, Ile Saint Louis","Notre dame, Quartier Latin, Ile Saint Louis"
"Cathedrale Notre Dame de Paris","Notre Dame de Paris Cathedral"
"Ile-Saint-Louis","Ile Saint Louis"
"La Sainte-Chapelle","Sainte Chapelle"
"Universite de la Sorbonne","University of Sorbonne"
"Institut du Monde Arabe","Arab World Institute"
"Le square du Vert-Galant","Square du Vert-Galant"
"Marais, les Halles, Beaubourg","Marais, les Halles, Beaubourg"
"Centre Georges Pompidou, Beaubourg","Centre Georges Pompidou, Beaubourg"
"Musee Carnavalet","Carnavalet Museum"
"Place des Vosges","Place des Vosges"
"Hotel de Ville","Paris City Hall"
"Tour Saint-Jacques","Saint-Jacques Tower"
"Fontaine Stravinsky","Stravinsky Fountain"
"Musee Picasso ferme jusquen 2012","Picasso Museum (closed until 2012)"
"Louvre, Champs-Elysees, Etoile","Louvre, Champs Elysees, Etoile"
"Musee du Louvre","Louvre Museum"
"Pyramide du Louvre","Louvre Pyramid"
"Cour carree du Louvre","Cour Carree du Louvre"
"Jardin des Tuileries","Tuileries Garden"
"Les Champs-Elysees","Champs Elysees"
"Pont Alexandre-III","Pont Alexandre III"
"Arc de Triomphe, place de lEtoile","Arc de Triomphe, place de l'Etoile"
"Saint-Germain-des-Pres, Musee dOrsay, Montparnasse","Saint Germain des Pres, Orsay Museum, Montparnasse"
"Musee dOrsay","Orsay Museum"
"Musee Rodin","Rodin Museum"
"Jardin du Luxembourg","Luxembourg Garden"
"Eglise Saint-Germain-des-Pres","Saint Germain des Pres Church"
"Tour Eiffel, Trocadero, Invalides","Tour Eiffel, Trocadero, Invalides"
"Tour Eiffel","Eiffel Tower"
"Musee du Quai Branly","Quai Branly Museum"
"Place du Trocadero","Place du Trocadero"
"Les Invalides","Invalides"
"Palais de Tokyo","Palais de Tokyo"
"Montmartre, Pigalle, Trinite","Montmartre, Pigalle, Trinite"
"Basilique du Sacre Coeur de Montmartre","Sacre Coeur Basilica of Montmartre"
"Place du Tertre","Place du Tertre"
"Square Louise Michel","Square Louise Michel"
"Pigalle","Pigalle"
"Les Abesses","Les Abesses"
"Montmartre","Montmartre"
"Opera, Grands Boulevards, Bourse","Opera, Grands Boulevards, Bourse"
"Jardin du Palais Royal","Palais Royal Garden"
"Opera Garnier","Opera Garnier"
"Printemps Haussmann","Printemps Haussmann"
"Galeries Lafayette Haussmann","Galeries Lafayette Haussmann"
"Musee Grevin","Grevin Museum"
"Porte Maillot, Monceau , Wagram, Champerret","Porte Maillot, Monceau, Wagram, Champerret"
"Musee Jacquemart-Andre","Jacquemart-Andre Museum"
"Parc Monceau","Monceau Park"
"Canal Saint-Martin, Belleville, La Villette","Canal Saint-Martin, Belleville, La Villette"
"Cite des sciences et de lindustrie","Cite des Sciences et de l'Industrie"
"Cite de la Musique","Cite de la Musique"
"La Geode","La Geode"
"Canal Saint Martin","Canal Saint Martin"
"Republique, Bastille, Nation","Republique, Bastille, Nation"
"Cimetiere du Pere Lachaise","Pere Lachaise Cemetery"
"Opera Bastille","Opera Bastille"
"Place de la Bastille","Place de la Bastille"
"Colonne de Juillet","Colonne de Juillet"
"Bercy, Bois de Vincennes, BnF, Place dItalie","Bercy, Bois de Vincennes, BnF, Place d'Italie"
"Bibliotheque Nationale de France (BnF)","National Library of France (BnF)"
"Passy, Auteuil, Bois de Boulogne","Passy, Auteuil, Bois de Boulogne"
"Les jardins de Bagatelle","Bagatelle Gardens"
"Denfert Rochereau, Alesia, Cite universitaire","Denfert Rochereau, Alesia, Cite universitaire"
"Les catacombes de Paris","Paris Catacombs"
"Le Panthéon", "Pantheon"
"Mosquée de Paris", "Paris Mosque"
"Jardin des plantes", "Jardin des plantes"
"Musée national du Moyen Age, Cluny", "National Museum of the Middle Ages, Cluny"
"Museum National d'Histoire Naturelle", "National Museum of Natural History - Gallery of evolution"
"Les Ponts (Pont Saint-Louis, Pont Marie, Pont de Sully …)", "Les Ponts (Pont Saint Louis, Pont Marie, Pont de Sully …)"
"Conciergerie", "Conciergerie"
"Collège des Bernardins", "Bernardine College"
"Arènes de Lutèce", "Arenes de Lutece"
"Fontaine Saint-Michel", "Saint-Michel Fountain"
"Bibliothèque Sainte-Geneviève", "Bibliotheque Sainte-Genevieve"
"Place Dauphine", "Place Dauphine" 
"Jardin Tino-Rossi", "Jardin Tino-Rossi"
"Musée des arts et métiers", "National Conservatory of Arts and Industry"
"Archives nationales", "National Archives"
"Musée art et histoire du judaisme", "Museum of Art and History of Judaism"
"Hôtel de Sully", "Hotel de Sully"
"Maison Européenne de la photographie (MEP)", "Maison Europeenne de la photographie (MEP)"
"Musée Cognacq-Jay", "Cognacq Jay Museum"
"Mémorial de La Shoah", "Shoah Memorial"
"Maison de Victor Hugo", "Victor Hugo's House"
"Quartier et marché des Enfants-Rouges", "Enfants-Rouges covered market"
"Synagogue de la rue Pavée", "Rue Pavee Synagogue"
"Musée de la Chasse et de la Nature", "Museum de la Chasse et de la Nature"
"Pont Saint-Louis", "Pont Saint-Louis"
"Eglise Saint-Eustache", "Saint Eustache Church"
"Pavillon Arsenal", "Pavillon de l'Arsenal"
"Jardin des Halles", "Jardin des Halles"
"Galerie nationale du Jeu de Paume", "Jeu de Paume National Gallery"
"Petit Palais", "Petit Palais"
"Espace culturel Louis-Vuitton", "Espace culturel Louis-Vuitton"
"Place de la Concorde", "Place de la Concorde"
"Palais Elysée", "Palais de L'Elysee"
"Pont Royal", "Pont Royal"
"Eglise Saint-Germain-lAuxerrois", "Eglise Saint Germain l'Auxerrois"
"Palais de la Découverte", "Palais de la Decouverte"
"Musée des égouts", "Paris Sewer Museum"
"Musée de lOrangerie", "Orangerie Museum"
"Musée Guimet des arts asiatiques", "National Museum of Asian Art Guimet"
"Musée de la Mode et du Textile", "Museum of Fashion and Textiles"
"Fondation Cartier pour lart contemporain", "Cartier Foundation for Contemporary Art"
"Zadkine Museum", "Zadkine Museum"
"Pont Neuf", "Pont Neuf"
"Pont des Arts", "Pont des Arts"
"Cimetière Montparnasse", "Montparnasse Cimetery"
"Eglise et place Saint-Sulpice", "Saint Sulpice Place and Church"
"Ecole nationale supérieure des beaux-arts", "National School of Fine Arts"
"Eglise Notre Dame des Champs", "Notre Dame des Champs Church"
"Musée Eugène Delacroix", "Eugene Delacroix Museum"
"Place de Furstenberg", "Place de Furstenberg"
"Jardin du Luxembourg", "Jardin du Luxembourg"
"La Pagode", "La Pagode movie theater"
"Musée Bourdelle", "Bourdelle Museum"
"Chapelle Notre Dame de la Médaille Miraculeuse", "Chapel of Our Lady of the Miraculous Medal"
"Fondation dentreprise Ricard pour lart contemporain", "Ricard Foundation for Contemporary Art"
"Musée de la Poste", "Postal Museum"
"Musée dart moderne (Ville de Paris)", "Museum of modern art of Paris"
"Cité de larchitecture et du patrimoine", "Cite de l'architecture et du patrimoine"
"Maison de la culture du Japon à Paris", "Japanese Culture House of Paris"
"Musée de lArmée", "Army Museum"
"Musée Maillol", "Maillol Museum"
"Musée de l'Homme", "Museum de l'Homme"
"Musée de la Marine", "Marine Museum"
"Réplique de la Statue de la Liberté", "Statue of Liberty Replica"
"Esplanade des Invalides", "Esplanade des Invalides"
"Parc du Champ-de-Mars", "Champ de Mars Gardens"
"Jardins du Trocadéro", "Jardins du Trocadero"
"Pont des Invalides", "Pont des Invalides"
"Pont de lAlma", "Pont de l'Alma"
"Halle Saint-Pierre", "Halle Saint Pierre"
"Espace Dali", "Espace Dali"
"Le Moulin de la Galette", "Le Moulin de la Galette"
"Musée de la vie romantique", "Musée de la vie romantique"
"Cimetière de Montmartre", "Cimetery of Montmartre"
"Musée de Montmartre", "Montmartre Museum"
"Barbès", "Barbes"
"Eglise de la Sainte-Trinité", "Eglise de la Sainte Trinite"
"Eglise et place de la Madeleine", "Madeleine place and church"
"Palais de la Bourse", "Palais de la Bourse"
"Eglise et place de la Madeleine", "Eglise et place de la Madeleine"
"Eglise Saint-Eustache", "Eglise Saint-Eustache"
"Place et basilique Notre Dame des Victoires", "Place and Basilica Notre Dame des Victoires"
"Galerie Vivienne", "Galerie Vivienne"
"Colonne et place Vendôme", "Place Vendome"
"Musée Cernuschi", "Cernuschi Museum"
"Musée Nissim de Camondo", "Nissim de Camondo Museum"
"Grande halle de la Villette", "Grande halle de la Villette"
"Couvent des Recollets", "Couvent des Recollets"
"Parc des Buttes-Chaumont", "Buttes Chaumont Park"
"Parc des Buttes-Chaumont", "Buttes Chaumont Park"
"CENTQUATRE", "CENTQUATRE"
"Maison des métallos", "Maison des metallos"
"Le Plateau", "Le Plateau"
"Parc de la Villette", "Villette Park"
"Parc de Belleville", "Belleville Park"
"Jardins dEole", "Eole Gardens"
"La coulée verte (Promenade Plantée)", "La coulee verte (Promenade Plantee)"
"Viaduc des Arts", "Viaduc des Arts"
"Fondation Antoine de Galbert Maison Rouge", "La Maison Rouge, Antoine de Galbert Foundation"
"Marché dAligre", "Aligre Market"
"Marché Bastille", "Bastille Market"
"Manufacture des Gobelins", "Gobelins Manufactory"
"Cinémathèque française", "French Cinematheque"
"Quartier asiatique de Paris", "Asian District of Paris"
"Passerelle Simone de Beauvoir", "Passerelle Simone de Beauvoir"
"Parc de Bercy", "Bercy Park"
"Parc Georges Brassens", "Georges Brassens Park"
"Parc André Citroën", "Andre Citroen Park"
"Jardin dacclimatation", "Jardin d'acclimatation"
"Bois de Boulogne", "Bois de Boulogne"
"Musée Marmottan-Claude Monet", "Marmottan-Monet Museum"
"Jardin du Ranelagh", "Jardin du Ranelagh"
"Maison de la radio", "Maison de la radio"
"Fondation le Corbusier", "Fondation le Corbusier"
"Place Denfert-Rochereau", "Place Denfert Rochereau"
"Quartier des Thermopyles", "Quartier des Thermopyles"
"Parc Montsouris", "Montsouris Park"
"Cité Internationale Universitaire de Paris", "Cite Internationale Universitaire de Paris"
"Map","Map"
"View hotel","View hotel"
"To see", "Sights"
"Going out", "Entertainment"
"By night", "By night"
"Hotel contacts","Hotel contacts"
"Your about to contact","Your about to contact"
"If you need further information","If you need further information on any of our hotels, please email the hotel staff. Select the contact information of the hotel concerned in the drop-down list, and fill the contact form. For any request or suggestion about Hotels Grand Paris, you can send us a message by choosing the empty field in the drop-down list. We will answer you as soon as possible."
"Hotels Opera, Madeleine, St Lazare","Hotels Opera, Madeleine, St Lazare"
"Paris Hotels Opera","Paris Hotels Opera"
"Hotels Paris Champs Elysees, Etoile","Hotels Paris Champs Elysees, Etoile"
"Hotels Champs Elysees","Hotels Champs Elysees"
"Hotels Montparnasse, Saint Germain","Hotels Montparnasse, Saint Germain"
"Hotels St Germain","Hotels St Germain"
"Hotels Gare de Lyon, Vincennes","Hotels Gare de Lyon, Vincennes"
"Hotels Gare de Lyon","Hotels Gare de Lyon"
"Hotels Louvre, Marais, Beaubourg","Hotels Louvre, Marais, Beaubourg"
"Hotels Paris Louvre","Hotels Paris Louvre"
"Hotels Wagram, Porte Maillot","Hotels Wagram, Porte Maillot"
"Hotels Wagram, Arc de Triomphe","Hotels Wagram, Arc de Triomphe"
"Hotels Wagram","Hotels Wagram"
"Paris Opera, Madeleine, Saint Lazare hotels","Paris Opera, Madeleine, Saint Lazare hotels"
"Paris Champs Elysees, Arc de Triomphe hotels","Paris Champs Elysees, Arc de Triomphe hotels"
"Paris Saint Germain des Pres, Montparnasse hotels","Paris Saint Germain des Pres, Montparnasse hotels"
"Paris Gare de Lyon Hotels, Vincennes hotels","Paris Gare de Lyon Hotels, Vincennes hotels"
"Paris Louvre, Marais, Beaubourg hotels","Paris Louvre, Marais, Beaubourg hotels"
"Paris Wagram, Batignolles, Porte Maillot hotels","Paris Wagram, Batignolles, Porte Maillot hotels"
"Paris Passy, Auteuil hotels","Paris Passy, Auteuil hotels"
"All","All"
"Choose your hotel","Choose your hotel"
"Select quartier","Select an area"
"Select hotel","Select a hotel"
"Please select a hotel","Please select a hotel"
"hotel paris centre","Hotels in Paris city centre"
"Paris Hotels - Where to stay in Paris ?","Paris Hotels - Where to stay in Paris ?"
"intro Paris hotels by district","<strong>Paris</strong> is among the most beautiful cities in Europe. The city offers a wide range of activities, attractions and different atmospheres: Romantic, luxurious, contemporary and original. From a neighborhood to another, the architecture can be very different even if it is one of the most protected architecture in the world.
The <strong>hotel</strong> location will strongly influence your <strong>Paris</strong> experience for short and long term stays as well. To guide you through this choice, we have listed below 6 main <strong>areas of Paris</strong>:"
"intro quartiers","<strong>Opera, Madeleine, Saint Lazare</strong> | <strong>Champs Elysees,  Arc de Triomphe</strong> | <strong>Saint Germain des Pres, Montparnasse</strong> | <strong>Gare de Lyon, Bastille, Vincennes</strong> | <strong>Louvre, Beaubourg, Marais</strong> | <strong>Wagram, Batignolles, Porte Maillot</strong>."
"Paris districts and areas","Paris districts and areas"
"Map of Paris","Map of Paris"
"Opera, Hausmann, St Lazare","Opera, Hausmann, St Lazare"
"1. Opera, Madeleine, St Lazare : Paris 8 & 9","1. Opera, Madeleine, St Lazare: Paris 8 &amp; 9"
"Personality : ","Personality:  "
"Business, shopping, classy","Business, shopping and classy"
"description quartier Opera","<strong>Paris Opera district</strong> features gorgeous stone buildings of Haussmann era.  Opera is located in the West Centre part of <strong>Paris</strong>, between <strong>the Louvre</strong> and <strong>the Champs Elysees</strong>. Its large range of department stores makes this district a real paradise for shopping."
"View Paris Opera Hotels","View Paris Opera Hotels"
"Tips","Tips"
"Take a daytime visit at Opera Garnier","Take a daytime visit at Opera Garnier"
"Plan ahead your reservation for Comedie Francaise and Opera as well","Plan ahead your reservation for Comedie Francaise and Opera as well"
"Shop in the Japanese Brand store Uniqlo, rue Scribre","Shop in the Japanese Brand store Uniqlo, rue Scribre"
"Gare Saint-Lazare","Gare Saint Lazare"
"Galeries Lafayette Haussmann","Galeries Lafayette Haussmann"
"Printemps Haussmann","Printemps Haussmann"
"Place de la Madeleine"","Place de la Madeleine"
"Opera Garnier","Opera Garnier"
"Champs Elysees, Arc de triomphe","Champs Elysees, Arc de triomphe"
"2. Champs Elysees, Etoile : Paris 8, 16 & 17","2. Champs Elysees, Etoile : Paris 8, 16 &amp; 17"
"2. Champs Elysees, Etoile","2. Champs Elysees, Etoile"
"Luxurious, shopping and touristy","Luxurious, shopping and touristic"
"description quartier Champs Elysees","Luxury, finance and political power, <strong>the Champs Elysees</strong> is a prestigious part of the capital. <strong>The Champs Elysees Avenue</strong> is considered as the most beautiful avenue in <strong>Paris</strong> and an attraction of Paris that one must see."
"View Paris Champs Elysees Hotels","View Paris Champs Elysees Hotels",
"Shop on Sunday and week evenings on the Champs Elysees Avenue","Shop on Sunday and week evenings on the Champs Elysees Avenue"
"Enjoy lighting of Champs Elysees during Christmas period","Enjoy lighting of Champs Elysees during Christmas period"
"The Champs Elysees","The Champs Elysees"
"Saint Germain des Pres, Montparnasse","Saint Germain des Pres, Montparnasse"
"3. Saint Germain des Pres, Montparnasse : Paris 6, 14 & 15","3. Saint Germain des Pres, Montparnasse: Paris 6, 14 &amp; 15"
"Elegant, cultural, shopping","Elegant, cultural and shopping"
"description quartier Saint Germain des Pres","<strong>Paris</strong> left bank, <strong>Saint Germain des Pres</strong> is the historic district of bookstores and publishers with a blend of culture and style. Close to <strong>Saint Germain des Pres</strong>, <strong>Montparnasse</strong> also offers many attraction and dining options. "
"View Saint Germain des Pres & Montparnasse hotels","View Saint Germain des Pres &amp; Montparnasse hotels"
"Take a drink at Café de Flore or Café des Deux Magots","Take a drink at Café de Flore or Café des Deux Magots"
"Visit the art galleries, rue de Seine","Visit the art galleries, rue de Seine"
"For kids only, Ride a pony in the Luxembourg Gardens","For kids only, Ride a pony in the Luxembourg Gardens"
"Gare de Lyon, Bastille, Vincennes","Gare de Lyon, Bastille, Vincennes"
"4. Gare de Lyon, Bastille, Vincennes : Paris 11 & 12","4. Gare de Lyon, Bastille, Vincennes: Paris 11 &amp; 12"
"Popular, lively, trendy","Popular, lively and trendy"
"description quartier Gare de Lyon","The <strong>Paris Gare de Lyon district</strong> is next to <strong>Bastille</strong> and <strong>the Marais</strong>, both places are great spots for bars, restaurants, nightlife and alternative shopping. The city of <strong>Vincennes</strong> offers a relaxing and peaceful environment a few minutes away from <strong>Paris</strong>."
"View Paris Gare de Lyon Hotels","View Paris Gare de Lyon Hotels"
"Explore the nice open-air Aligre market, closed on Monday","Explore the nice open-air Aligre market, closed on Monday"
"Have a walk on the Promenade Plantee","Have a walk on the Promenade Plantee"
"Louvre, Beaubourg, Marais","Louvre, Beaubourg, Marais"
"5. Louvre, Beaubourg, Marais : Paris 1, 2 & 3","5. Louvre, Beaubourg, Marais: Paris 1, 2 &amp; 3"
"Historical, touristy & lively","Historical, touristy and lively"
"description quartier Louvre","<strong>The Louvre district</strong> is settled around the <strong>Louvre Museum</strong> and the <strong>Palais Royal</strong>. The smart streets around have much to offer with lots of fashion, jewelry and Haute-Couture stores.
<strong>The Marais</strong> is one of the oldest <strong>districts of Paris</strong>. Trendy, this spot is also well-known as the gay life district in <strong>Paris</strong>. 
"
"View Paris Louvre & Marais Hotels","View Paris Louvre &amp; Marais Hotels"
"Get free admission in Louvre Museum on the first Sunday of each month","Get free admission in Louvre Museum on the first Sunday of each month"
"Shop in the Marais, on Sunday as well","Shop in the Marais, on Sunday as well"
"Please note that Picasso Museum is closed for renovation until 2012","Please note that Picasso Museum is closed for renovation until 2012"
"Wagram, Batignolles, Porte Maillot","Wagram, Batignolles, Porte Maillot"
"6. Wagram, Batignolles, Arc de Triomphe : Paris 17","6. Wagram, Batignolles, Arc de Triomphe : Paris 17"
"6. Wagram, Batignolles, Arc de Triomphe","6. Wagram, Batignolles, Arc de Triomphe"
"Classy, peaceful, business","Classy, peaceful and business"
"description quartier Wagram","The <strong>Wagram Monceau area</strong> is next to <strong>Opera</strong> and <strong>Champs Elysees</strong>. It shares many similarities in terms of atmosphere and architecture with these districts. This residential and peaceful area offers charming and typically Parisian architecture."
"View Paris Wagram & Batignolles Hotels","View Paris Wagram & Batignolles Hotels"
"Get a brunch at the Jacquemart-Andre museum cafe","Get a brunch at the Jacquemart-Andre museum cafe"
"Explore Rue Poncelet Market","Explore Rue Poncelet Market"
"Have a walk in the Batignolles district","Have a walk in the Batignolles district"
"Monceau Park","Monceau Park"
"Wagram Avenue","Wagram Avenue"
"Square des Batignolles","Square des Batignolles"
"Rue Poncelet Market","Rue Poncelet Market"
"Palais des congres","Palais des congres"
"Jacquemart-Andre Museum","Jacquemart-Andre Museum"
"Louvre Museum","Louvre Museum"
"Palais Royal Garden","Palais Royal Garden"
"Beaubourg","Beaubourg"
"Saint-Jacques Tower","Saint-Jacques Tower"
"Tuileries Gardens","Tuileries Gardens"
"Gare de Lyon","Gare de Lyon"
"Place de la Bastille","Place de la Bastille"
"Opera Bastille","Opera Bastille"
"Bibliotheque nationale","Bibliotheque nationale"
"Chateau de Vincennes","Chateau de Vincennes"
"Eglise Saint Germain des Pres","Eglise Saint Germain des Pres"
"Montparnasse Tower","Montparnasse Tower"
"Luxembourg Gardens","Luxembourg Gardens"
"Fondation Cartier","Fondation Cartier"
"Pont des arts","Pont des arts"
"Quartiers Paris", "Paris Districts"
"Sort By","Sort By"
"See another district","View hotels by district"
"localisation_acote","Next to"
"localisation_500m","5 minute Walk"
"localisation_1000m","10 minute Walk"
"localisation_1500m","15 minute Walk"
"Find your Hotel","Find a hotel in Paris"
"Read unbiased travellers’ reviews of our hotels with","Read unbiased travellers’ reviews of our hotels with"

"Hotel BEST WESTERN Opera Batignolles Paris 17th","Hotel BEST WESTERN Opera Batignolles Paris 17th"
"Mathis Elysees Hotel Paris 8th","Mathis Elysees Hotel Paris 8th"
"Odeon Hotel Paris 6th","Odeon Hotel Paris 6th"
"Odeon Hotel","Odeon Hotel"
"BEST WESTERN Hotel de Neuville Paris 17th","BEST WESTERN Hotel de Neuville Paris 17th"
"Sevres Montparnasse hotel Paris 15th","Hotel BEST WESTERN Sevres Montparnasse Paris 15th"
"BEST WESTERN PREMIER Opera Opal Paris 8th","BEST WESTERN PREMIER Opera Opal Paris 8th"
"Hotel BEST WESTERN Aurore Paris 12th","Hotel BEST WESTERN Aurore Paris 12th"
"Hotel BEST WESTERN Folkestone Opera Paris 8th","Hotel BEST WESTERN Folkestone Opera Paris 8th"
"Opera Marigny Hotel Paris 8th","Opera Marigny Hotel Paris 8th"
"Hotel BEST WESTERN Aramis Saint Germain Paris 6th","Hotel BEST WESTERN Aramis Saint Germain Paris 6th"
"Pas de Calais Hotel Paris 6th","Pas de Calais Hotel Paris 6th"
"Hotel BEST WESTERN France Europe Paris 3rd","Hotel BEST WESTERN France Europe Paris 3rd"
"Alexandrie Hotel Paris 12th","Alexandrie Hotel Paris 12th"
"Paris Hotel Gare de Lyon Paris 12th","Paris Hotel Gare de Lyon Paris 12th"
"BEST WESTERN PREMIER Opera Diamond Paris 8th","Opera Diamond Hotel 4* Paris 8th"
"Hotel BEST WESTERN Sydney Opera Paris 8th","Hotel BEST WESTERN Sydney Opera Paris 8th"
"Ouest Hotel Paris 8th","Ouest Hotel Paris 8th"
"BEST WESTERN PREMIER Louvre Saint Honore Paris 1st","BEST WESTERN PREMIER Louvre Saint Honore Paris 1st"
"Hotel BEST WESTERN Mercedes Paris 17th","Hotel BEST WESTERN Mercedes Paris 17th"
"Hotel BEST WESTERN Saint Louis Vincennes","Hotel BEST WESTERN Saint Louis Vincennes"
"Hotel BEST WESTERN Ducs de Bourgogne Paris 1st","Hotel BEST WESTERN Ducs de Bourgogne Paris 1st"
"Royal Opera Hotel Paris 8th","Royal Opera Hotel Paris 8th"
"BEST WESTERN Bretagne Montparnasse Paris 14th","BEST WESTERN Bretagne Montparnasse Paris 14th"
"Hotel des Champs Elysees Paris 8th","Hotel des Champs Elysees Paris 8th"
"Athos Apartment near Aramis Hotel Paris 6th","Athos Apartment near Aramis Hotel Paris 6th"
"Mac Mahon Hotel Paris 17th","Champs Elysees Mac Mahon Hotel Paris 17th"
"Mac Mahon Champs Elysees Residence Paris 17th","Champs Elysees Mac Mahon Residence Paris 17th"
"Hotel Elysee Secret Paris 8th","Hotel Elysees Secret Paris 8th"
"Aulivia Opéra","BEST WESTERN Aulivia Opera"
"Aulivia Opéra2","BEST WESTERN Aulivia Opera 4*"
"Hôtels Gare de Lyon, & Nation Paris","Hotels Gare de Lyon, Nation, Vincennes"
"1st","1st"
"2th","2th"
"3rd","3rd"
"4th","4th"
"5th","5th"
"6th","6th"
"7th","7th"
"8th","8th"
"9th","9th"
"10th","10th"
"11th","11th"
"12th","12th"
"13th","13th"
"14th","14th"
"15th","15th"
"16th","16th"
"17th","17th"
"18th","18th"
"19th","19th"
"20th","20th"
"Vincennes","Vincennes"
"61 Paris Nation Hotel","BEST WESTERN PREMIER 61 Paris Nation Hotel 4*"
"sitemap","SiteMap"
"Hotels Grand Paris – Des Hôtels authentiques, insolites et intimes à Paris.","Hotels Grand Paris - Authentic, Original and Unique Hotels in Paris."
"identifier hotels","To assist you in finding the hotel matching your expectations for a Parisian stay, Hotels Grand Paris has elaborated a great choice of hotel lists. You can browse our hotel collection by location, by category and also by theme or style. "
"Pour un premier aperçu, visitez notre page","Visiting Paris for the first time? See our section :"
"Hôtels à Paris – Quel quartier choisir","> Paris Hotels - Where to stay in Paris ?"
"Hôtels à Paris par quartier","Paris Hotels by districts and areas"
"Hôtels par catégories","Hotels by category"
"Hôtels par arrondissement","Hotels by Paris arrondissements"
"Hôtels par Style","Hotels by theme"
"Les pages principales du site","Website - Main Pages &amp; Sections"
"Hôtels Opéra, Madeleine et Saint Lazare","Hotels Opera, Madeleine &amp; St Lazare"
"Hôtels Champs-Elysées et Arc de Triomphe","Hotels Champs Elysees &amp; Arc de Triomphe"
"Hôtels Saint Germain des Prés et Montparnasse","Hotels St Germain des Pres &amp; Montparnasse"
"Hôtels Louvre, Marais et Beaubourg","Hotels Louvre, Marais &amp; Beaubourg"
"Hôtels Gare de Lyon, Nation Paris et Vincennes","Hotels Gare de Lyon, Nation, Vincennes"
"Hôtels Wagram, Batignolles et Arc de Triomphe","Hotels Wagram &amp; Batignolles"
"Et aussi","See also"
"Hôtels Arc de Triomphe Paris","Hotels Arc de Triomphe Paris"
"Hôtel Gare du Nord","Hotel Paris Gare du Nord train station"
"Hôtels Gare Montparnasse","Hotels Paris Gare Montparnasse train station"
"Hôtels Gare Saint Lazare","Hotels Paris Gare Saint Lazare train station"
"Hôtel Nation Paris","Hotel Nation Paris"
"Hôtels 2 étoiles Paris","Paris Hotel 2 star"
"Hôtels 3 étoiles Paris","Paris Hotel 3 star"
"Hôtels 4 étoiles Paris","Paris Hotels 4 star"
"Sélection de Best Western","Best Western Paris Hotels"
"Sélection de Best Western Premier","Best Western Premier Paris Hotels"
"Hôtels de Luxe Paris","Luxury Hotels in Paris"
"Boutique Hôtel Paris","Boutique hotels in Paris"
"Hôtels de charme Paris","Small Hotels in Paris"
"Hôtels romantique Paris","Romantic Hotels in Paris"
"Hôtels Sympa Paris","Great hotels in Paris"
"Hôtels pas cher Paris","Budget Hotels in Paris"
"Réservation","Reservation"
"Conditions générales","Terms &amp; conditions"
"Les pages principales du site","Website - Main Pages &amp; Sections"
"Hôtels Paris 1er","Hotels in 1st arrondissement Paris"
"Hôtels Paris 3eme","Hotel in 3rd arrondissement Paris"
"Hôtels Paris 6eme","Hotels in 6th arrondissement Paris"
"Hôtels Paris 8eme","Hotels in 8th arrondissement Paris" 
"Hôtels Paris 10eme","Hotels in 10th arrondissement Paris"
"Hôtels Paris 12eme","Hotels in 12th arrondissement Paris"
"Hôtels Paris 14eme","Hotels in 14th arrondissement Paris"
"Hôtels Paris 15eme","Hotel in 15th arrondissement Paris"
"Hôtels Paris 17eme","Hotels in 17th arrondissement Paris"
"hotel","Hotel"
"lien-fast-booking","http://www.secure-hotel-booking.com/Hotels-Grand-Paris/2GS6/dateselection"
"Hotel Beauchamps","Hotel Beauchamps 4*"
"Hotel Beauchamps - Hotel Paris 8th","Hotel Beauchamps - Hotel Paris 8th"
"Hotel Jules","BEST WESTERN PREMIER Opera Faubourg 4*"
"Hotel Jules - Hotel Paris 9th","BEST WESTERN PREMIER Opera Faubourg - Hotel Paris 9th"
"jules9","Hotel 4* - Paris 9th"
"velizy","Hotel 4* - Velizy-Villacoublay"
"HI10","Hotel 4* -  Paris 10th"
"beauchamps8","Hotel 4* -  Paris 8th"
"jules9","Hotel 4* -  Paris 9th"
"Liens Partenaires","Links &amp; Partners"
"Les adresses authentiques, insolites et intimes d'Hotels Grand Paris","Hotels Grand Paris - Authentic, Orginal &amp; Unique Places"
"Le portail Hotels Grand Paris vous propose une selection",""The Hotels Grand Paris Web Portal handpicks a selection of independent authentic, original and unique Hotels in Paris. To go further than this Parisian experience, we provide a short list of quality independent places related to travel. 
If you share our vision of travel and wish to be listed on this page, you can submit your Website.  We make link exchange on reciprocal basis.
So do not hesitate to contact us through the contact form beside!"
"Mercure Paris Terminus Nord - Hotel Paris 10th","Mercure Paris Terminus Nord - Hotel Paris 10th"
"Your inquiry was successfully submitted, thank you for your interest about HotelsGrandParis","Your submission has been sent. We thank you for your interest in Hotels Grand Paris."
"Submit1","Submit"
"Video","Video"
"Hotel Wallace","Wallace Hotel"
"Best official prices","Official Website Rates !"
"Book online","Book online your Paris hotel"
"Notre selection dadresses a Paris","Bars, restaurants &amp; shops in Paris"
"Check availability & rates on Hotel Website.","Check availability &amp; rates on the Offical Hotel Website."
"Search an hotel in Paris By","Search an hotel in Paris By:"
"Select a district","Select district"
"Select Category","Choose a category"
"Category","Categories"
"Disctricts","Paris Districts
"Select Disctricts","Choose a district"
"Paris Districts","Paris Districts"
"Choose a district","Choose a district"
"see all the hotels in Paris","See all hotels in Paris"
"Tel","Tel"
"Hôtels Champs-Elysées","Hotels Champs-Elysees"
"Hotel Grand Paris - Booking Hotel Paris - Hotel Paris Center","Hotels Grand Paris - Booking Hotel Paris - Hotel Paris Center"
"Read unbiased travellers reviews of our hotels with","Read unbiased travellers	&#130; reviews of our hotels with"
"Styles","Themes"
"Select a style","Choose a theme"
"Choose an arrondissement","Choose an arrondissement"
"Paris Arrondissements","Paris Arrondissements"
"See available dates","See available dates"
"Hotels Paris Opera, Hotels Paris Madeleine & Hotels Paris St Lazare","Hotels Paris Opera, Hotels Paris Madeleine &amp; Hotels Paris St Lazare"
"Hotels Champs-Elysees","Hotels Paris  Champs-Elysees"
"Hotels Paris St Germain des Pres & Hotels Paris Montparnasse","Hotels Paris St Germain des Pres &amp; Hotels Paris Montparnasse"
"Hotels Paris Louvre, Hotels Paris Marais & Hotels Paris Beaubourg","Hotels Paris Louvre, Hotels Paris Marais &amp; Hotels Paris Beaubourg"
"Hotels Paris Gare de Lyon, Hotels Paris Nation, Hotels Vincennes","Hotels Paris Gare de Lyon, Hotels Paris Nation, Hotels Vincennes"
"Hotels Paris Wagram & Hotels Paris Batignolles","Hotels Paris Wagram &amp; Hotels Paris Batignolles"
"Hotels in Paris City Centre","Hotels in Paris City Centre"
"Hotels Paris Champs Elysees &amp; Hotels Paris Arc de Triomphe","Hotels Paris Champs Elysees &amp; Hotels Paris Arc de Triomphe"
"Virtual tour","Virtual tour"
"Hotels Gare du Nord & Gare de lest","Hotels Gare du Nord & Gare de l&apos;Est"
"Holiday Inn Paris Gare de lest","Holiday Inn Paris Gare de l&apos;Est 4*"
"Holiday Inn Paris Gare de lest - Hotel Paris 10th","Holiday Inn Paris Gare de l&apos;Est - Hotel Paris 10th"
"Faubourg boutique hotel","Boutique hotel - Paris 10th"
"Title Ouest Hotel","3* Hotel Paris Gare Saint Lazare train station"
"Title Opera Opal","4* Hotel Paris Opera District"
"Title Opera Diamond","4* Hotel Paris Gare Saint Lazare train station"
"Title Opera Faubourg","4* Hotel Paris Opera District"
"Title Mac Mahon","5* Boutique-Hotel Paris Champs Elysees"
"Title Elysee Secret","4* Hotel Paris Champs Elysees"
"Title Beauchamps","4* Hotel Paris Champs Elysees"
"Title Bretagne","4* Hotel Paris Gare Montparnasse train station"
"Title Sevres","4* Hotel Paris Gare Montparnasse train station"
"Title HiM","4* Hotel Paris Gare Montparnasse train station"
"Title Ducs","4* Hotel Paris city centre"
"Title Louvre","4* Hotel Paris Louvre"
"Title MGB","4* Hotel Paris city centre"
"Title 61PNH","4* Hotel Paris Bercy Gare de Lyon train station"
"Title Saint Louis","4* Hotel in Vincennes near Paris"
"Title Batignolles","4* Hotel Paris 17th district"
"Title Neuville","4* Hotel Paris 17th district"
"Mercure Paris Terminus Nord","Mercure Paris Terminus Nord 4*"
"Title Mercure","4* Hotel Paris Gare du Nord train station"
"BEST WESTERN PREMIER Faubourg 88","BEST WESTERN PREMIER Faubourg 88 4*"
"Title Faubourg 88","4* Hotel Paris Gare du Nord & Gare de l&apos;Est train station"
"Title Hi Est","4* Hotel Paris Gare de l&apos;Est"
"Title Aulivia","4* Hotel Paris Gare du Nord & Gare de l&apos;Est train station"
"Hotel Paris Gare du Nord","Hotels Paris Gare du Nord train station"
"Hotel Paris Gare de lEst","Hotels Paris Gare de l'Est train station"
"Hôtel Gare de lEst","Hotels Paris Gare de l'Est train station"
"Hotels Paris Gare Montparnasse","Hotels Paris Gare Montparnasse train station"
"Hotels Paris Gare Saint Lazare","Hotels Paris Gare Saint Lazare train station"
"5 Star Hotel in Paris","5 Star Hotels in Paris"
"Hôtels 5 étoiles Paris","Paris Hotels 5 Star"
"3 Star Hotel in Paris","3 Star Hotel in Paris"
"4 Star Hotel in Paris","4 Star Hotels in Paris"
"Sélection de Best Western Plus","Best Western Plus Paris Hotels"
"Sélection Maison Albar Paris","Maison Albar Paris Hotels"
"Hotels in 9th arrondissement Paris","Hotels in 9th arrondissement Paris"
"Hôtels Paris 9eme","Hotels in 9th arrondissement Paris"